--TABLA RAMO
-- Ramos
INSERT INTO RAMO VALUES (1,'AP','ACCIDENTES PERSONALES');
INSERT INTO RAMO VALUES (2,'AGP','AGROPECUARIO');
INSERT INTO RAMO VALUES (3,'AM','ASISTENCIA MEDICA');
INSERT INTO RAMO VALUES (4,'BUA','BUEN USO DE ANTICIPO');
INSERT INTO RAMO VALUES (5,'BCM','BUENA CALIDAD DE MATERIALES');
INSERT INTO RAMO VALUES (6,'CA','CASCO AEREO');
INSERT INTO RAMO VALUES (7,'CM','CASCO MARITIMO');
INSERT INTO RAMO VALUES (8,'CC','CUMPLIMIENTO DE CONTRATO');
INSERT INTO RAMO VALUES (9,'DV','DINERO Y VALORES');
INSERT INTO RAMO VALUES (10,'EE','EQUIPO ELECTRONICO');
INSERT INTO RAMO VALUES (11,'EM','EQUIPO Y MAQUINARIA');
INSERT INTO RAMO VALUES (12,'FD','FIDELIDAD');
INSERT INTO RAMO VALUES (13,'GA','GARANTIA ADUANERA');
INSERT INTO RAMO VALUES (14,'ILA','INCENDIO Y/O LINEAS ALIADAS');
INSERT INTO RAMO VALUES (15,'LCRM','LUCRO CESANTE POR ROTURA DE MAQUINARIA');
INSERT INTO RAMO VALUES (16,'LCILA','LUCRO CESANTE INCENDIO Y LINEAS ALIADAS');
INSERT INTO RAMO VALUES (17,'RC','RESPONSABILIDAD CIVIL');
INSERT INTO RAMO VALUES (18,'RE','RIESGOS ESPECIALES');
INSERT INTO RAMO VALUES (19,'RB','ROBO Y/O ASALTO');
INSERT INTO RAMO VALUES (20,'RM','ROTURA DE MAQUINARIA');
INSERT INTO RAMO VALUES (21,'ST','SOAT');
INSERT INTO RAMO VALUES (22,'TRC','TODO RIESGO CONTRATISTA');
INSERT INTO RAMO VALUES (23,'TRM','TODO RIESGO MONTAJE');
INSERT INTO RAMO VALUES (24,'TR','TRANSPORTE');
INSERT INTO RAMO VALUES (25,'VH','VEHÍCULOS');
INSERT INTO RAMO VALUES (26,'VD','VIDA');

--TABLA ANEXO
INSERT INTO ANEXO VALUES (1,'CLAUSULAS ADICIONALES.');
INSERT INTO ANEXO VALUES (2,'COBERTURAS.');
INSERT INTO ANEXO VALUES (3,'CONDICIONES ESPECIALES.');
INSERT INTO ANEXO VALUES (4,'LIMITES Y COSTOS.');
INSERT INTO ANEXO VALUES (5,'GARANTIAS DE LA PÓLIZA.');
INSERT INTO ANEXO VALUES (6,'COBERTURAS ADICIONALES.');
INSERT INTO ANEXO VALUES (7,'VALORES  ASEGURADOS Y COBERTURAS');
INSERT INTO ANEXO VALUES (8,'ENDOSOS');


--TABLA TITULO
INSERT INTO TITULO VALUES (1,'PARA TRANSPORTE');
INSERT INTO TITULO VALUES (2,'PARA VIDA');
INSERT INTO TITULO VALUES (3,'BENEFICIOS');
INSERT INTO TITULO VALUES (4,'BENEFICIOS ADICIONALES');
INSERT INTO TITULO VALUES (5,'MATERNIDAD');
INSERT INTO TITULO VALUES (6,'TODO RIESGO');
INSERT INTO TITULO VALUES (7,'TODO RIESGO INCLUYENDO PERO LIMITADO A');
INSERT INTO TITULO VALUES (8,'DINERO Y VALORES');
INSERT INTO TITULO VALUES (9,'EDIFICIO E INSTALACIONES');
INSERT INTO TITULO VALUES (10,'MAQUINARIAS Y EQUIPOS');
INSERT INTO TITULO VALUES (11,'MERCADERÍAS Y/O ACTIVOS FLOTANTES');
INSERT INTO TITULO VALUES (12,'MUEBLES, ENSERES Y EQUIPOS DE OFICINA');
INSERT INTO TITULO VALUES (13,'TODO RIESGO DE PÉRDIDA O DAÑO INCLUYENDO:');
INSERT INTO TITULO VALUES (14,'COBERTURAS NOMBRADAS (OPCION No.1)');
INSERT INTO TITULO VALUES (15,'COBERTURAS NOMBRADAS (OPCION No.2)');
INSERT INTO TITULO VALUES (16,'HORARIO DE MOVILIZACION ');
INSERT INTO TITULO VALUES (17,'TIPO DE SEGURIDADES ');
INSERT INTO TITULO VALUES (18,'MAQUINARIAS Y EQUIPOS');
INSERT INTO TITULO VALUES (19,'MUEBLES, ENSERES Y EQUIPOS DE OFICINA');
INSERT INTO TITULO VALUES (20,'MERCADERÍAS Y/O ACTIVOS FLOTANTES');
INSERT INTO TITULO VALUES (21,'DINERO Y VALORES');

-- TABLA DETALLE_ANEXO
-- ****** RAMO - Accidentes Personales ******
-- CLAUSULAS ADICIONALES
INSERT INTO DETALLE_ANEXO (ID_DETALLE_ANEXO, ID_RAMO, ID_ANEXO, NOMBRE_DETALLE_ANEXO) VALUES (1, 1, 1, 'ADHESIÓN');
INSERT INTO DETALLE_ANEXO (ID_DETALLE_ANEXO, ID_RAMO, ID_ANEXO, NOMBRE_DETALLE_ANEXO) VALUES (2, 1, 1, 'AMPARO AUTOMÁTICO NUEVOS EMPLEADOS');
INSERT INTO DETALLE_ANEXO (ID_DETALLE_ANEXO, ID_RAMO, ID_ANEXO, NOMBRE_DETALLE_ANEXO) VALUES (3, 1, 1, 'NO CANCELACIÓN INDIVIDUAL DE LA PÓLIZA');
INSERT INTO DETALLE_ANEXO (ID_DETALLE_ANEXO, ID_RAMO, ID_ANEXO, NOMBRE_DETALLE_ANEXO) VALUES (4, 1, 1, 'NOTIFICACIÓN DEL SINIESTRO');
INSERT INTO DETALLE_ANEXO (ID_DETALLE_ANEXO, ID_RAMO, ID_ANEXO, NOMBRE_DETALLE_ANEXO) VALUES (5, 1, 1, 'PAGO DE PRIMAS 15 DÍAS');
INSERT INTO DETALLE_ANEXO (ID_DETALLE_ANEXO, ID_RAMO, ID_ANEXO, NOMBRE_DETALLE_ANEXO) VALUES (6, 1, 1, 'RESTITUCIÓN AUTOMÁTICA DE SUMA ASEGURADA, UNICAMENTE PARA GASTOS MÉDICOS');
-- COBERTURAS
INSERT INTO DETALLE_ANEXO (ID_DETALLE_ANEXO, ID_RAMO, ID_ANEXO, NOMBRE_DETALLE_ANEXO) VALUES (7, 1, 2, 'AMBULANCIA AÉREA');
INSERT INTO DETALLE_ANEXO (ID_DETALLE_ANEXO, ID_RAMO, ID_ANEXO, NOMBRE_DETALLE_ANEXO) VALUES (8, 1, 2, 'AMBULANCIA TERRESTRE');
INSERT INTO DETALLE_ANEXO (ID_DETALLE_ANEXO, ID_RAMO, ID_ANEXO, NOMBRE_DETALLE_ANEXO) VALUES (9, 1, 2, 'BECA ESTUDIANTIL');
INSERT INTO DETALLE_ANEXO (ID_DETALLE_ANEXO, ID_RAMO, ID_ANEXO, NOMBRE_DETALLE_ANEXO) VALUES (10, 1, 2, 'DESMEMBRACIÓN ACCIDENTAL');
INSERT INTO DETALLE_ANEXO (ID_DETALLE_ANEXO, ID_RAMO, ID_ANEXO, NOMBRE_DETALLE_ANEXO) VALUES (11, 1, 2, 'GASTOS MEDICOS');
INSERT INTO DETALLE_ANEXO (ID_DETALLE_ANEXO, ID_RAMO, ID_ANEXO, NOMBRE_DETALLE_ANEXO) VALUES (12, 1, 2, 'INCAPACITADAD TOTAL Y PERMANENTE ');
INSERT INTO DETALLE_ANEXO (ID_DETALLE_ANEXO, ID_RAMO, ID_ANEXO, NOMBRE_DETALLE_ANEXO) VALUES (13, 1, 2, 'MUERTE ACCIDENTAL');
INSERT INTO DETALLE_ANEXO (ID_DETALLE_ANEXO, ID_RAMO, ID_ANEXO, NOMBRE_DETALLE_ANEXO) VALUES (14, 1, 2, 'SEPELIO');
-- CONDICIONES ESPECIALES
INSERT INTO DETALLE_ANEXO (ID_DETALLE_ANEXO, ID_RAMO, ID_ANEXO, NOMBRE_DETALLE_ANEXO) VALUES (15, 1, 3, 'FACTURACIÓN ANUAL');
INSERT INTO DETALLE_ANEXO (ID_DETALLE_ANEXO, ID_RAMO, ID_ANEXO, NOMBRE_DETALLE_ANEXO) VALUES (16, 1, 3, 'FACTURACIÓN MENSUAL');
INSERT INTO DETALLE_ANEXO (ID_DETALLE_ANEXO, ID_RAMO, ID_ANEXO, NOMBRE_DETALLE_ANEXO) VALUES (17, 1, 3, 'FACTURACIÓN SEMESTRAL');
-- ****** RAMO - Agropecuario ******
-- CLAUSULAS ADICIONALES
INSERT INTO DETALLE_ANEXO (ID_DETALLE_ANEXO, ID_RAMO, ID_ANEXO, NOMBRE_DETALLE_ANEXO) VALUES (18, 2, 1, 'AVISO DE SINIESTRO');
INSERT INTO DETALLE_ANEXO (ID_DETALLE_ANEXO, ID_RAMO, ID_ANEXO, NOMBRE_DETALLE_ANEXO) VALUES (19, 2, 1, 'CLÁUSULA DE  PAGO DE PRIMAS');
INSERT INTO DETALLE_ANEXO (ID_DETALLE_ANEXO, ID_RAMO, ID_ANEXO, NOMBRE_DETALLE_ANEXO) VALUES (20, 2, 1, 'CLÁUSULA DE ACEPTACIÓN DE SINIESTROS');
INSERT INTO DETALLE_ANEXO (ID_DETALLE_ANEXO, ID_RAMO, ID_ANEXO, NOMBRE_DETALLE_ANEXO) VALUES (21, 2, 1, 'CLÁUSULA DE ACLARACIÓN A LA INDEMNIZACIÓN DE SINIESTROS');
INSERT INTO DETALLE_ANEXO (ID_DETALLE_ANEXO, ID_RAMO, ID_ANEXO, NOMBRE_DETALLE_ANEXO) VALUES (22, 2, 1, 'CLÁUSULA DE ADHESIÓN');
INSERT INTO DETALLE_ANEXO (ID_DETALLE_ANEXO, ID_RAMO, ID_ANEXO, NOMBRE_DETALLE_ANEXO) VALUES (23, 2, 1, 'CLÁUSULA DE CANCELACIÓN ANTICIPADA');
INSERT INTO DETALLE_ANEXO (ID_DETALLE_ANEXO, ID_RAMO, ID_ANEXO, NOMBRE_DETALLE_ANEXO) VALUES (24, 2, 1, 'CLÁUSULA DE DOCUMENTOS PARA SINIESTROS');
INSERT INTO DETALLE_ANEXO (ID_DETALLE_ANEXO, ID_RAMO, ID_ANEXO, NOMBRE_DETALLE_ANEXO) VALUES (25, 2, 1, 'CLÁUSULA DE ERRORES U OMISIONES');
INSERT INTO DETALLE_ANEXO (ID_DETALLE_ANEXO, ID_RAMO, ID_ANEXO, NOMBRE_DETALLE_ANEXO) VALUES (26, 2, 1, 'CLÁUSULA DE EXTENSIÓN DE VIGENCIA A PRORRATA');
INSERT INTO DETALLE_ANEXO (ID_DETALLE_ANEXO, ID_RAMO, ID_ANEXO, NOMBRE_DETALLE_ANEXO) VALUES (27, 2, 1, 'CLÁUSULA DE INDEMNIZACIÓN TOTAL Y DEFINITIVA');
-- COBERTURAS
--TITULO - Para Transporte
INSERT INTO DETALLE_ANEXO (ID_DETALLE_ANEXO, ID_RAMO, ID_ANEXO, ID_TITULO, NOMBRE_DETALLE_ANEXO) VALUES (28, 2, 2, 1, 'INCLUYE TRANSPORTE INTERNO A NIVEL NACIONAL PREVIO AVISO DE TRASLADO.');
--TITULO - Para Vida
INSERT INTO DETALLE_ANEXO (ID_DETALLE_ANEXO, ID_RAMO, ID_ANEXO, ID_TITULO, NOMBRE_DETALLE_ANEXO) VALUES (29, 2, 2, 2, 'MUERTE POR ACCIDENTE');
INSERT INTO DETALLE_ANEXO (ID_DETALLE_ANEXO, ID_RAMO, ID_ANEXO, ID_TITULO, NOMBRE_DETALLE_ANEXO) VALUES (30, 2, 2, 2, 'MUERTE POR CÓLICO');
INSERT INTO DETALLE_ANEXO (ID_DETALLE_ANEXO, ID_RAMO, ID_ANEXO, ID_TITULO, NOMBRE_DETALLE_ANEXO) VALUES (31, 2, 2, 2, 'MUERTE POR ENFERMEDAD');
INSERT INTO DETALLE_ANEXO (ID_DETALLE_ANEXO, ID_RAMO, ID_ANEXO, ID_TITULO, NOMBRE_DETALLE_ANEXO) VALUES (32, 2, 2, 2, 'SACRIFICIO FORZOSO');
-- ****** RAMO - Asistencia Medica ******
-- LIMITES Y COSTOS
-- TITULO - Beneficios
INSERT INTO DETALLE_ANEXO (ID_DETALLE_ANEXO, ID_RAMO, ID_ANEXO, ID_TITULO, NOMBRE_DETALLE_ANEXO) VALUES (33, 3, 4, 3, 'AMBULANCIA A…REA (VÍA REEMBOLSO)');
INSERT INTO DETALLE_ANEXO (ID_DETALLE_ANEXO, ID_RAMO, ID_ANEXO, ID_TITULO, NOMBRE_DETALLE_ANEXO) VALUES (34, 3, 4, 3, 'AMBULANCIA TERRESTRE');
INSERT INTO DETALLE_ANEXO (ID_DETALLE_ANEXO, ID_RAMO, ID_ANEXO, ID_TITULO, NOMBRE_DETALLE_ANEXO) VALUES (35, 3, 4, 3, 'AMBULANCIA TERRESTRE LIBRE ELECCIÓN');
INSERT INTO DETALLE_ANEXO (ID_DETALLE_ANEXO, ID_RAMO, ID_ANEXO, ID_TITULO, NOMBRE_DETALLE_ANEXO) VALUES (36, 3, 4, 3, 'ARANCEL');
INSERT INTO DETALLE_ANEXO (ID_DETALLE_ANEXO, ID_RAMO, ID_ANEXO, ID_TITULO, NOMBRE_DETALLE_ANEXO) VALUES (37, 3, 4, 3, 'CENTROS MÉDICOS DE ATENCIÓN AMBULATORIA');
INSERT INTO DETALLE_ANEXO (ID_DETALLE_ANEXO, ID_RAMO, ID_ANEXO, ID_TITULO, NOMBRE_DETALLE_ANEXO) VALUES (38, 3, 4, 3, 'COBERTURA AMBULATORIA FUERA DE LA RED (LIBRE ELECCIÓN)');
INSERT INTO DETALLE_ANEXO (ID_DETALLE_ANEXO, ID_RAMO, ID_ANEXO, ID_TITULO, NOMBRE_DETALLE_ANEXO) VALUES (39, 3, 4, 3, 'COBERTURA HOSPITALARIA DENTRO DE LA RED');
INSERT INTO DETALLE_ANEXO (ID_DETALLE_ANEXO, ID_RAMO, ID_ANEXO, ID_TITULO, NOMBRE_DETALLE_ANEXO) VALUES (40, 3, 4, 3, 'COBERTURA HOSPITALARIA FUERA DE LA RED (LIBRE ELECCIÓN)');
INSERT INTO DETALLE_ANEXO (ID_DETALLE_ANEXO, ID_RAMO, ID_ANEXO, ID_TITULO, NOMBRE_DETALLE_ANEXO) VALUES (41, 3, 4, 3, 'CUARTO Y ALIMENTO DIARIO AL 100%');
INSERT INTO DETALLE_ANEXO (ID_DETALLE_ANEXO, ID_RAMO, ID_ANEXO, ID_TITULO, NOMBRE_DETALLE_ANEXO) VALUES (42, 3, 4, 3, 'DEDUCIBLE ANUAL POR PERSONA');
INSERT INTO DETALLE_ANEXO (ID_DETALLE_ANEXO, ID_RAMO, ID_ANEXO, ID_TITULO, NOMBRE_DETALLE_ANEXO) VALUES (43, 3, 4, 3, 'EMERGENCIA POR ACCIDENTE AL 100% HASTA, EL EXCEDENTE AL 80% CON APLICACIÓN DE DEDUCIBLE');
INSERT INTO DETALLE_ANEXO (ID_DETALLE_ANEXO, ID_RAMO, ID_ANEXO, ID_TITULO, NOMBRE_DETALLE_ANEXO) VALUES (44, 3, 4, 3, 'FARMACIA CONSULTA EXTERNA DENTRO DE RED');
INSERT INTO DETALLE_ANEXO (ID_DETALLE_ANEXO, ID_RAMO, ID_ANEXO, ID_TITULO, NOMBRE_DETALLE_ANEXO) VALUES (45, 3, 4, 3, 'FARMACIA CONSULTA EXTERNA LIBRE ELECCIÓN');
INSERT INTO DETALLE_ANEXO (ID_DETALLE_ANEXO, ID_RAMO, ID_ANEXO, ID_TITULO, NOMBRE_DETALLE_ANEXO) VALUES (46, 3, 4, 3, 'LÍMITE MÁXIMO POR INCAPACIDAD (HOSP. / AMB.)');
INSERT INTO DETALLE_ANEXO (ID_DETALLE_ANEXO, ID_RAMO, ID_ANEXO, ID_TITULO, NOMBRE_DETALLE_ANEXO) VALUES (47, 3, 4, 3, 'LÍMITE PREEXISTENCIAS');
INSERT INTO DETALLE_ANEXO (ID_DETALLE_ANEXO, ID_RAMO, ID_ANEXO, ID_TITULO, NOMBRE_DETALLE_ANEXO) VALUES (48, 3, 4, 3, 'PERÍODO DE INCAPACIDAD');
INSERT INTO DETALLE_ANEXO (ID_DETALLE_ANEXO, ID_RAMO, ID_ANEXO, ID_TITULO, NOMBRE_DETALLE_ANEXO) VALUES (49, 3, 4, 3, 'PERÍODO DE PRESENTACÓN DE RECLAMOS');
INSERT INTO DETALLE_ANEXO (ID_DETALLE_ANEXO, ID_RAMO, ID_ANEXO, ID_TITULO, NOMBRE_DETALLE_ANEXO) VALUES (50, 3, 4, 3, 'PLAN DENTAL TITULARES');
INSERT INTO DETALLE_ANEXO (ID_DETALLE_ANEXO, ID_RAMO, ID_ANEXO, ID_TITULO, NOMBRE_DETALLE_ANEXO) VALUES (51, 3, 4, 3, 'TOPE DE CONSULTA');
INSERT INTO DETALLE_ANEXO (ID_DETALLE_ANEXO, ID_RAMO, ID_ANEXO, ID_TITULO, NOMBRE_DETALLE_ANEXO) VALUES (52, 3, 4, 3, 'TOPE PARA MEDICINAS');
INSERT INTO DETALLE_ANEXO (ID_DETALLE_ANEXO, ID_RAMO, ID_ANEXO, ID_TITULO, NOMBRE_DETALLE_ANEXO) VALUES (53, 3, 4, 3, 'UNIDAD DE CUIDADOS INTENSIVOS');
INSERT INTO DETALLE_ANEXO (ID_DETALLE_ANEXO, ID_RAMO, ID_ANEXO, ID_TITULO, NOMBRE_DETALLE_ANEXO) VALUES (54, 3, 4, 3, 'VADEMECUM A - GENERICOS');
INSERT INTO DETALLE_ANEXO (ID_DETALLE_ANEXO, ID_RAMO, ID_ANEXO, ID_TITULO, NOMBRE_DETALLE_ANEXO) VALUES (55, 3, 4, 3, 'VADEMECUM B - MARCA');
-- TITULO - Beneficios Adicionales
INSERT INTO DETALLE_ANEXO (ID_DETALLE_ANEXO, ID_RAMO, ID_ANEXO, ID_TITULO, NOMBRE_DETALLE_ANEXO) VALUES (56, 3, 4, 4, 'AUDÍFONOS (UNA VEZ AL A—O POR PERSONA)');
INSERT INTO DETALLE_ANEXO (ID_DETALLE_ANEXO, ID_RAMO, ID_ANEXO, ID_TITULO, NOMBRE_DETALLE_ANEXO) VALUES (57, 3, 4, 4, 'CRISTALES OPTICOS (UNA VEZ AL A—O POR PERSONA)');
INSERT INTO DETALLE_ANEXO (ID_DETALLE_ANEXO, ID_RAMO, ID_ANEXO, ID_TITULO, NOMBRE_DETALLE_ANEXO) VALUES (58, 3, 4, 4, 'PRÓTESIS NO DENTAL (UNA VEZ AL A—O POR PERSONA)');
INSERT INTO DETALLE_ANEXO (ID_DETALLE_ANEXO, ID_RAMO, ID_ANEXO, ID_TITULO, NOMBRE_DETALLE_ANEXO) VALUES (59, 3, 4, 4, 'SEPELIO DE DEPENDIENTES');
-- TITULO - Maternidad 
INSERT INTO DETALLE_ANEXO (ID_DETALLE_ANEXO, ID_RAMO, ID_ANEXO, ID_TITULO, NOMBRE_DETALLE_ANEXO) VALUES (60, 3, 4, 5, 'ABORTO NO PROVOCADO');
INSERT INTO DETALLE_ANEXO (ID_DETALLE_ANEXO, ID_RAMO, ID_ANEXO, ID_TITULO, NOMBRE_DETALLE_ANEXO) VALUES (61, 3, 4, 5, 'CESÁREA O COMPLICACIONES');
INSERT INTO DETALLE_ANEXO (ID_DETALLE_ANEXO, ID_RAMO, ID_ANEXO, ID_TITULO, NOMBRE_DETALLE_ANEXO) VALUES (62, 3, 4, 5, 'PARTO NORMAL');
-- ****** RAMO - Buen Uso Anticipo ******
INSERT INTO DETALLE_ANEXO (ID_DETALLE_ANEXO, ID_RAMO, ID_ANEXO, NOMBRE_DETALLE_ANEXO) VALUES (63, 4, 2, 'LA PRESENTE PÓLIZA CUBRE LA DEVOLUCIÓN DE LOS SALDOS DEUDORES DEL ANTICIPO EN CASOS DE RESOLUCIÓN, TERMINACIÓN Y/O RESILIACIÓN DEL CONTRATO POR LAS CAUSAS SE—ALADAS EN EL MISMO Y DE ACUERDO CON LA LEGISLACIÓN ECUATORIANA.');
-- ****** RAMO - Buena Calidad de Materiales ******
INSERT INTO DETALLE_ANEXO (ID_DETALLE_ANEXO, ID_RAMO, ID_ANEXO, NOMBRE_DETALLE_ANEXO) VALUES (64, 5, 2, 'LA COMPAÑÍA SE OBLIGA A RESPONDER, HASTA POR EL VALOR DE LA SUMA ASEGURADA, POR LAS REPARACIONES O CAMBIOS DE AQUELLAS PARTES DE LA OBRA EN QUE SE DESCUBRAN DEFECTOS DE CONSTRUCCIÓN, MALA CALIDAD DE LOS MATERIALES O INCUMPLIMIENTO DE LAS ESPECIFICACIONES T…CNICAS QUE AL RESPECTO CONSTEN EN DICHO CONTRATO IMPUTABLES AL CONTRATISTA AFIANZADO.');

-- ****** RAMO - Cumplimiento Contrato ******
INSERT INTO DETALLE_ANEXO (ID_DETALLE_ANEXO, ID_RAMO, ID_ANEXO, NOMBRE_DETALLE_ANEXO) VALUES (67, 8, 2, 'LA PRESENTE PÓLIZA CUBRE AL ASEGURADO LAS PÉRDIDAS QUE LE PRODUZCAN EL INCUMPLIMIENTO DE LAS OBLIGACIONES AFIANZADAS POR EL CONTRATO A QUE SE REFIERE ESTE SEGURO, EN LOS T…RMINOS Y CONDICIONES FIJADOS EN EL MISMO Y SIEMPRE QUE ESE INCUMPLIMIENTO SEA IMPUTABLE AL CONTRATISTA, O BIEN PROVENGA DE CAUSAS QUE AFECTEN DIRECTAMENTE COMPROBADAS. ESTE SEGURO TAMBI…N AMPARA LAS OBLIGACIONES QUE EL CONTRATISTA CONTRAJERE A FAVOR DE TERCEROS PROVENIENTES DEL CONTRATO PRINCIPAL AL QUE ACCEDE ESTA GARANTÕA. LA RESPONSABILIDAD DE LA COMPAÑIA NO PODRÁ EXCEDER DE LA SUMA ASEGURADA, INCLUY…NDOSE LAS CANTIDADES QUE CORRESPONDAN PAGAR AL CONTRATISTA POR CONCEPTO DE MULTAS O INDEMNIZACIONES.');

-- CLAUSULAS ADICIONALES
INSERT INTO DETALLE_ANEXO (ID_DETALLE_ANEXO, ID_RAMO, ID_ANEXO, NOMBRE_DETALLE_ANEXO) VALUES (68, 9, 1, 'ADHESIÓN.');
INSERT INTO DETALLE_ANEXO (ID_DETALLE_ANEXO, ID_RAMO, ID_ANEXO, NOMBRE_DETALLE_ANEXO) VALUES (69, 9, 1, 'AJUSTADORES DE MUTUO ACUERDO.');
INSERT INTO DETALLE_ANEXO (ID_DETALLE_ANEXO, ID_RAMO, ID_ANEXO, NOMBRE_DETALLE_ANEXO) VALUES (70, 9, 1, 'CANCELACION DE LA PÓLIZA.');
INSERT INTO DETALLE_ANEXO (ID_DETALLE_ANEXO, ID_RAMO, ID_ANEXO, NOMBRE_DETALLE_ANEXO) VALUES (71, 9, 1, 'NO CANCELACION INDIVIDUAL.');
INSERT INTO DETALLE_ANEXO (ID_DETALLE_ANEXO, ID_RAMO, ID_ANEXO, NOMBRE_DETALLE_ANEXO) VALUES (72, 9, 1, 'NOTIFICACIÓN DEL SINIESTRO.');
INSERT INTO DETALLE_ANEXO (ID_DETALLE_ANEXO, ID_RAMO, ID_ANEXO, NOMBRE_DETALLE_ANEXO) VALUES (73, 9, 1, 'PAGO DE PRIMAS.');
INSERT INTO DETALLE_ANEXO (ID_DETALLE_ANEXO, ID_RAMO, ID_ANEXO, NOMBRE_DETALLE_ANEXO) VALUES (74, 9, 1, 'PRIMERA OPCIÓN DE COMPRA.');
INSERT INTO DETALLE_ANEXO (ID_DETALLE_ANEXO, ID_RAMO, ID_ANEXO, NOMBRE_DETALLE_ANEXO) VALUES (75, 9, 1, 'SALVAMENTO.');
-- COBERTURAS
INSERT INTO DETALLE_ANEXO (ID_DETALLE_ANEXO, ID_RAMO, ID_ANEXO, NOMBRE_DETALLE_ANEXO) VALUES (76, 9, 2, 'DINERO EN PERMANENCIA.');
INSERT INTO DETALLE_ANEXO (ID_DETALLE_ANEXO, ID_RAMO, ID_ANEXO, NOMBRE_DETALLE_ANEXO) VALUES (77, 9, 2, 'TRANSPORTE DE DINERO.');
-- ****** RAMO - Equipo Electronico ******
-- CLAUSULAS ADICIONALES
INSERT INTO DETALLE_ANEXO (ID_DETALLE_ANEXO, ID_RAMO, ID_ANEXO, NOMBRE_DETALLE_ANEXO) VALUES (78, 10, 1, 'ADHESIÓN.');
INSERT INTO DETALLE_ANEXO (ID_DETALLE_ANEXO, ID_RAMO, ID_ANEXO, NOMBRE_DETALLE_ANEXO) VALUES (79, 10, 1, 'AMPARO AUTOMÁTICO DE NUESVOS EQUIPOS.');
INSERT INTO DETALLE_ANEXO (ID_DETALLE_ANEXO, ID_RAMO, ID_ANEXO, NOMBRE_DETALLE_ANEXO) VALUES (80, 10, 1, 'AMPARO AUTOMÁTICO PARA OBSOLESCENCIA.');
INSERT INTO DETALLE_ANEXO (ID_DETALLE_ANEXO, ID_RAMO, ID_ANEXO, NOMBRE_DETALLE_ANEXO) VALUES (81, 10, 1, 'BIENES EN EXPOSICIÓN O DEMOSTRACIÓN.');
INSERT INTO DETALLE_ANEXO (ID_DETALLE_ANEXO, ID_RAMO, ID_ANEXO, NOMBRE_DETALLE_ANEXO) VALUES (82, 10, 1, 'CANCELACION DE LA PÓLIZA.');
INSERT INTO DETALLE_ANEXO (ID_DETALLE_ANEXO, ID_RAMO, ID_ANEXO, NOMBRE_DETALLE_ANEXO) VALUES (83, 10, 1, 'COBERTURA AUTOMÁTICA PARA EQUIPOS, MAQUINAS Y SUS PARTES EN SUSTITUCIÓN DE OTRAS SINIESTRADAS.');
INSERT INTO DETALLE_ANEXO (ID_DETALLE_ANEXO, ID_RAMO, ID_ANEXO, NOMBRE_DETALLE_ANEXO) VALUES (84, 10, 1, 'COBERTURA PARA UPS, REGULADORES Y ESTABILIZADORES DE VOLTAJE.');
INSERT INTO DETALLE_ANEXO (ID_DETALLE_ANEXO, ID_RAMO, ID_ANEXO, NOMBRE_DETALLE_ANEXO) VALUES (85, 10, 1, 'EQUIPO MOVILES Y PORTATILES.');
INSERT INTO DETALLE_ANEXO (ID_DETALLE_ANEXO, ID_RAMO, ID_ANEXO, NOMBRE_DETALLE_ANEXO) VALUES (86, 10, 1, 'HONORARIOS, GASTOS DE VIAJE Y ESTADÍA DE T…CNICOS Y PROFESIONALES.');
INSERT INTO DETALLE_ANEXO (ID_DETALLE_ANEXO, ID_RAMO, ID_ANEXO, NOMBRE_DETALLE_ANEXO) VALUES (87, 10, 1, 'INTERES ASEGURABLE DIVERSO.');
INSERT INTO DETALLE_ANEXO (ID_DETALLE_ANEXO, ID_RAMO, ID_ANEXO, NOMBRE_DETALLE_ANEXO) VALUES (88, 10, 1, 'INTERES ASEGURADO EN PROPIEDAD DE TERCEROS.');
INSERT INTO DETALLE_ANEXO (ID_DETALLE_ANEXO, ID_RAMO, ID_ANEXO, NOMBRE_DETALLE_ANEXO) VALUES (89, 10, 1, 'LIBRE CIRCULACIÓN.');
INSERT INTO DETALLE_ANEXO (ID_DETALLE_ANEXO, ID_RAMO, ID_ANEXO, NOMBRE_DETALLE_ANEXO) VALUES (90, 10, 1, 'NO CANCELACION INDIVIDUAL DE LA PÓLIZA.');
INSERT INTO DETALLE_ANEXO (ID_DETALLE_ANEXO, ID_RAMO, ID_ANEXO, NOMBRE_DETALLE_ANEXO) VALUES (91, 10, 1, 'NOTIFICACIÓN DEL SINIESTRO.');
INSERT INTO DETALLE_ANEXO (ID_DETALLE_ANEXO, ID_RAMO, ID_ANEXO, NOMBRE_DETALLE_ANEXO) VALUES (92, 10, 1, 'PAGO DE PRIMAS.');
INSERT INTO DETALLE_ANEXO (ID_DETALLE_ANEXO, ID_RAMO, ID_ANEXO, NOMBRE_DETALLE_ANEXO) VALUES (93, 10, 1, 'REPARACIONES INMEDIATAS.');
INSERT INTO DETALLE_ANEXO (ID_DETALLE_ANEXO, ID_RAMO, ID_ANEXO, NOMBRE_DETALLE_ANEXO) VALUES (94, 10, 1, 'RESTITUCIÓN AUTOMATICA DE SUMA ASEGURADA.');
INSERT INTO DETALLE_ANEXO (ID_DETALLE_ANEXO, ID_RAMO, ID_ANEXO, NOMBRE_DETALLE_ANEXO) VALUES (95, 10, 1, 'SALVAMENTO.');
INSERT INTO DETALLE_ANEXO (ID_DETALLE_ANEXO, ID_RAMO, ID_ANEXO, NOMBRE_DETALLE_ANEXO) VALUES (96, 10, 1, 'TRASLADO TEMPORAL, EXCLUYE TRANSPORTE Y HURTO.');
-- COBERTURAS
--TITULO - Todo Riesgo
INSERT INTO DETALLE_ANEXO (ID_DETALLE_ANEXO, ID_RAMO, ID_ANEXO, ID_TITULO, NOMBRE_DETALLE_ANEXO) VALUES (97, 10, 2, 6, 'TODO RIESGO DE PÉRDIDA O DAÑO FISICO, SUBITO E IMPREVISTO POR CUALQUIER CAUSA QUE EN ESTE EXPRESAMENTE EXCLUIDA EN LAS CONDICIONES GENERALES DE LA PÓLIZA DE EQUIPO ELECTRONICO, INCLUYENDO INCENDIO Y/O RAYO, MOTIN Y HUELGA, CONMOCION CIVIL, EVENTOS DE LA NATURALEZ, SUSPENSION DE ENERGIA ELECTRICA PROVENIENTE DE LA RED PUBLICA.');
-- COBERTURAS ADICINALES
INSERT INTO DETALLE_ANEXO (ID_DETALLE_ANEXO, ID_RAMO, ID_ANEXO, NOMBRE_DETALLE_ANEXO) VALUES (98, 10, 6, 'HURTO.');
INSERT INTO DETALLE_ANEXO (ID_DETALLE_ANEXO, ID_RAMO, ID_ANEXO, NOMBRE_DETALLE_ANEXO) VALUES (99, 10, 6, 'SECCION II: PORTADORES EXTERNOS DE DATOS.');
INSERT INTO DETALLE_ANEXO (ID_DETALLE_ANEXO, ID_RAMO, ID_ANEXO, NOMBRE_DETALLE_ANEXO) VALUES (100, 10, 6, 'SECCION III: INCREMENTO EN EL COSTO DE OPERACIÓN.');
-- GARANTIAS DE LA PÓLIZA
INSERT INTO DETALLE_ANEXO (ID_DETALLE_ANEXO, ID_RAMO, ID_ANEXO, NOMBRE_DETALLE_ANEXO) VALUES (101, 10, 5, 'CONEXIÓN A TIERRA.');
INSERT INTO DETALLE_ANEXO (ID_DETALLE_ANEXO, ID_RAMO, ID_ANEXO, NOMBRE_DETALLE_ANEXO) VALUES (102, 10, 5, 'CONTRATO DE MANTENIMIENTO.');
INSERT INTO DETALLE_ANEXO (ID_DETALLE_ANEXO, ID_RAMO, ID_ANEXO, NOMBRE_DETALLE_ANEXO) VALUES (103, 10, 5, 'UPS.');      
-- ****** RAMO - Equipo Maquinaria ******
-- COBERTURAS
--TITULO - Todo Riesgo
INSERT INTO DETALLE_ANEXO (ID_DETALLE_ANEXO, ID_RAMO, ID_ANEXO, ID_TITULO, NOMBRE_DETALLE_ANEXO) VALUES (104, 11, 2, 6, 'CUBRE LAS PÉRDIDAS O DAÑOSDIRECTOS POR CUALQUIER CAUSA EXTERNA, COMO:  a. INCENDIO, RAYO, EXPLOSIÓN (EXCEPTO LO ANOTADO EN ARTÕCULO 2, SECCIÓN I, LITERAL I), INUNDACIÓN, MAREMOTO, CICLÓN, HURACÁN, TEMPESTAD, VIENTO, TERREMOTO, TEMBLOR, ERUPCIÓN VOLCÁNICA Y EN GENERAL, CUALQUIER EVENTO O FENÓMENO DE LA NATURALEZA.  b. COLISIÓN CON OBJETOS EN MOVIMIENTO O FIJOS, VOLCAMIENTO, HUNDIMIENTOS DEL TERRENO, DESLIZAMIENTO DE TIERRA, DESCARRILAMIENTO.  c. ACCIDENTES QUE OCURRAN PESE A UN MANEJO CORRECTO, ASÍ COMO LOS QUE SOBREVENGAN A CONSECUENCIA DE DESCUIDO, IMPERICIA O NEGLIGENCIA DEL ASEGURADO O SU REPRESENTANTE.  d. ACCIDENTES QUE OCURRAN DURANTE EL MONTAJE, DESMONTAJE Y TRASLADO DENTRO DE LAS INSTALACIONES DE LA OBRA O, MIENTRAS VIAJEN POR SUS PROPIOS MEDIOS DE UN SITIO DE OPERACIONES A OTRO, DENTRO DEL PERÕMETRO DE LA OBRA.  e. ROBO TOTAL, ROBO PARCIAL, ASALTO, ATRACO, ASÍ COMO LOS DAÑOS CAUSADOS POR TENTATIVAS DE ROBO.  f. CUALQUIER OTRO RIESGO NO EXCLUIDO EN ESTA PÓLIZA.');
-- COBERTURAS ADICINALES
INSERT INTO DETALLE_ANEXO (ID_DETALLE_ANEXO, ID_RAMO, ID_ANEXO, NOMBRE_DETALLE_ANEXO) VALUES (105, 11, 6, 'ROTURA DE VIDRIO, HASTA.');
INSERT INTO DETALLE_ANEXO (ID_DETALLE_ANEXO, ID_RAMO, ID_ANEXO, NOMBRE_DETALLE_ANEXO) VALUES (106, 11, 6, 'FLETE AÉREO LÍMITE.');
INSERT INTO DETALLE_ANEXO (ID_DETALLE_ANEXO, ID_RAMO, ID_ANEXO, NOMBRE_DETALLE_ANEXO) VALUES (107, 11, 6, 'GASTOS EXTRAORDINARIOS POR TIEMPO EXTRA, TRABAJO NOCTURNO, TRABAJO EN DÍAS FESTIVOS, FLETE EXPRESO LÍMITE.');
-- ****** RAMO - Fidelidad ******
-- COBERTURAS
INSERT INTO DETALLE_ANEXO (ID_DETALLE_ANEXO, ID_RAMO, ID_ANEXO, NOMBRE_DETALLE_ANEXO) VALUES (108, 12, 2, 'ESTE SEGURO AMPARA CUALESQUIERA ACTOS FRAUDULENTOS O IMPROBOS, TALES COMO DESFALCO, FALSIFICACIÓN, ROBO, RATERÍA, HURTO, MALVERSACIÓN, SUSTRACCIÓN FRAUDULENTA, MAL USO PREMEDITADO, FALTA DE INTEGRIDAD O DE FIDELIDAD O CUALESQUIERA OTROS ACTOS SEMEJANTES A LOS MENCIONADOS QUE SEAN PUNIBLES SEGÚN LA LEY, QUE PRODUZCAN PERJUICIOS ECONÓMICOS COMPROBABLES, COMETIDOS POR EL SERVIDOR PÚBLICO DE LA ENTIDAD ASEGURADA, ACTUANDO SOLO EN COMPLICIDAD CON OTROS.');
-- CLAUSULAS ADICIONALES
INSERT INTO DETALLE_ANEXO (ID_DETALLE_ANEXO, ID_RAMO, ID_ANEXO, NOMBRE_DETALLE_ANEXO) VALUES (109, 12, 1, 'ADHESIÓN.');
INSERT INTO DETALLE_ANEXO (ID_DETALLE_ANEXO, ID_RAMO, ID_ANEXO, NOMBRE_DETALLE_ANEXO) VALUES (110, 12, 1, 'AMPARO AUTOMÁTICO DE NUEVOS EMPLEADOS.');
INSERT INTO DETALLE_ANEXO (ID_DETALLE_ANEXO, ID_RAMO, ID_ANEXO, NOMBRE_DETALLE_ANEXO) VALUES (111, 12, 1, 'CANCELACIÓN DE PÓLIZA.');
INSERT INTO DETALLE_ANEXO (ID_DETALLE_ANEXO, ID_RAMO, ID_ANEXO, NOMBRE_DETALLE_ANEXO) VALUES (112, 12, 1, 'NO CANCELACIÓN INDIVIDUAL DE PÓLIZA.');
INSERT INTO DETALLE_ANEXO (ID_DETALLE_ANEXO, ID_RAMO, ID_ANEXO, NOMBRE_DETALLE_ANEXO) VALUES (113, 12, 1, 'NOTIFICACIÓN DE SINIESTROS.');
INSERT INTO DETALLE_ANEXO (ID_DETALLE_ANEXO, ID_RAMO, ID_ANEXO, NOMBRE_DETALLE_ANEXO) VALUES (114, 12, 1, 'PAGO DE PRIMAS.');
INSERT INTO DETALLE_ANEXO (ID_DETALLE_ANEXO, ID_RAMO, ID_ANEXO, NOMBRE_DETALLE_ANEXO) VALUES (115, 12, 1, 'PERÍODO DE DESCUBRIMIENTO POSTERIORES A LA TERMINACIÓN DE VIGENCIA DE LA PÓLIZA.');
-- ****** RAMO - Garantia Aduanera ******
-- COBERTURAS
INSERT INTO DETALLE_ANEXO (ID_DETALLE_ANEXO, ID_RAMO, ID_ANEXO, NOMBRE_DETALLE_ANEXO) VALUES (116, 13, 2, 'ESTA PÓLIZA OBLIGA A LA COMPAÑIA, AL INDEMNIZAR A LA ENTIDAD ASEGURADA, HASTA POR EL VALOR DE LA SUMA ASEGURADA, POR LOS PERJUICIOS ECONÓMICOS QUE TOTAL O PARCIALMENTE EL GARANTIZADO, POR LA FALTA DE PAGO DE DERECHO ARANCELARIOS, TASA, MULTAS, INTERESES Y MÁS CARGOS QUE ADEUDARE COMO CONSECUENCIA DE LAS OPERACIONES DE IMPORTACIÓN, EXPORTACIÓN Y/O TRÁMITE DE BIENES DE LEGÍTIMO COMERCIO.');
-- ****** RAMO - Incendio Lineas Alieadas ******
-- CLAUSULAS ADICIONALES
INSERT INTO DETALLE_ANEXO (ID_DETALLE_ANEXO, ID_RAMO, ID_ANEXO, NOMBRE_DETALLE_ANEXO) VALUES (117, 14, 1, 'ADHESIÓN.');
INSERT INTO DETALLE_ANEXO (ID_DETALLE_ANEXO, ID_RAMO, ID_ANEXO, NOMBRE_DETALLE_ANEXO) VALUES (118, 14, 1, 'AJUSTADORES Y PERITOS DE MUTUO ACUERDO.');
INSERT INTO DETALLE_ANEXO (ID_DETALLE_ANEXO, ID_RAMO, ID_ANEXO, NOMBRE_DETALLE_ANEXO) VALUES (119, 14, 1, 'ALTERACIONES Y REPARACIONES, PREVIA AUTORIZACIÓN DE LA COMPAÑIA DE SEGUROS.');
INSERT INTO DETALLE_ANEXO (ID_DETALLE_ANEXO, ID_RAMO, ID_ANEXO, NOMBRE_DETALLE_ANEXO) VALUES (120, 14, 1, 'AMPARO AUTOMATICO DE NUEVAS PROPIEDAD.');
INSERT INTO DETALLE_ANEXO (ID_DETALLE_ANEXO, ID_RAMO, ID_ANEXO, NOMBRE_DETALLE_ANEXO) VALUES (121, 14, 1, 'AMPARO AUTOMATICO DE NUEVOS PREDIOS.');
INSERT INTO DETALLE_ANEXO (ID_DETALLE_ANEXO, ID_RAMO, ID_ANEXO, NOMBRE_DETALLE_ANEXO) VALUES (122, 14, 1, 'AMPARO DE BIENES PROPIOS Y/O DE TERCEROS BAJO SU RESPONSABILIDAD HASTA.');
INSERT INTO DETALLE_ANEXO (ID_DETALLE_ANEXO, ID_RAMO, ID_ANEXO, NOMBRE_DETALLE_ANEXO) VALUES (123, 14, 1, 'AVISO DE SINIESTRO.');
INSERT INTO DETALLE_ANEXO (ID_DETALLE_ANEXO, ID_RAMO, ID_ANEXO, NOMBRE_DETALLE_ANEXO) VALUES (124, 14, 1, 'BIENES A LA INTERPERIE.');
INSERT INTO DETALLE_ANEXO (ID_DETALLE_ANEXO, ID_RAMO, ID_ANEXO, NOMBRE_DETALLE_ANEXO) VALUES (125, 14, 1, 'BIENES EN EXPOSICIÓN O DEMOSTRACIÓN.');
INSERT INTO DETALLE_ANEXO (ID_DETALLE_ANEXO, ID_RAMO, ID_ANEXO, NOMBRE_DETALLE_ANEXO) VALUES (126, 14, 1, 'BILLARES (Para pólizas que aseguran estos bienes).');
INSERT INTO DETALLE_ANEXO (ID_DETALLE_ANEXO, ID_RAMO, ID_ANEXO, NOMBRE_DETALLE_ANEXO) VALUES (127, 14, 1, 'CANCELACIÓN DE LA PÓLIZA.');
INSERT INTO DETALLE_ANEXO (ID_DETALLE_ANEXO, ID_RAMO, ID_ANEXO, NOMBRE_DETALLE_ANEXO) VALUES (128, 14, 1, 'CLÁUSULA PARA HORNOS (Para pólizas que aseguran estos bienes).');
INSERT INTO DETALLE_ANEXO (ID_DETALLE_ANEXO, ID_RAMO, ID_ANEXO, NOMBRE_DETALLE_ANEXO) VALUES (129, 14, 1, 'COBERTURA AUTOMÁTICA PARA EQUIPOS, MAQUINAS Y SUS PARTES EN SUSTITUCIÓN DE OTRAS SINIESTRADAS.');
INSERT INTO DETALLE_ANEXO (ID_DETALLE_ANEXO, ID_RAMO, ID_ANEXO, NOMBRE_DETALLE_ANEXO) VALUES (130, 14, 1, 'COBERTURA DE PISCINAS Y CISTERNAS.');
INSERT INTO DETALLE_ANEXO (ID_DETALLE_ANEXO, ID_RAMO, ID_ANEXO, NOMBRE_DETALLE_ANEXO) VALUES (131, 14, 1, 'COMBUSTIBLES, LUBRICANTES Y EXPLOSIVOS.');
INSERT INTO DETALLE_ANEXO (ID_DETALLE_ANEXO, ID_RAMO, ID_ANEXO, NOMBRE_DETALLE_ANEXO) VALUES (132, 14, 1, 'CONTABILIDAD Y PRUEBA.');
INSERT INTO DETALLE_ANEXO (ID_DETALLE_ANEXO, ID_RAMO, ID_ANEXO, NOMBRE_DETALLE_ANEXO) VALUES (133, 14, 1, 'DESIGNACIÓN DE BIENES.');
INSERT INTO DETALLE_ANEXO (ID_DETALLE_ANEXO, ID_RAMO, ID_ANEXO, NOMBRE_DETALLE_ANEXO) VALUES (134, 14, 1, 'DESTRUCCIÓN PREVENTIVA.');
INSERT INTO DETALLE_ANEXO (ID_DETALLE_ANEXO, ID_RAMO, ID_ANEXO, NOMBRE_DETALLE_ANEXO) VALUES (135, 14, 1, 'EXTINTORES.');
INSERT INTO DETALLE_ANEXO (ID_DETALLE_ANEXO, ID_RAMO, ID_ANEXO, NOMBRE_DETALLE_ANEXO) VALUES (136, 14, 1, 'FLOTANTE DE INCENDIO (Cuando se asegura Mercaderías).');
INSERT INTO DETALLE_ANEXO (ID_DETALLE_ANEXO, ID_RAMO, ID_ANEXO, NOMBRE_DETALLE_ANEXO) VALUES (137, 14, 1, 'INTERÉS ASEGURABLE DIVERSO.');
INSERT INTO DETALLE_ANEXO (ID_DETALLE_ANEXO, ID_RAMO, ID_ANEXO, NOMBRE_DETALLE_ANEXO) VALUES (138, 14, 1, 'INTERES ASEGURADO EN PROPIEDAD DE TERCEROS.');
INSERT INTO DETALLE_ANEXO (ID_DETALLE_ANEXO, ID_RAMO, ID_ANEXO, NOMBRE_DETALLE_ANEXO) VALUES (139, 14, 1, 'INTERES DE CONTRATISTAS Y SUBCONTRATISTAS.');
INSERT INTO DETALLE_ANEXO (ID_DETALLE_ANEXO, ID_RAMO, ID_ANEXO, NOMBRE_DETALLE_ANEXO) VALUES (140, 14, 1, 'LIBRE CIRCULACIÓN.');
INSERT INTO DETALLE_ANEXO (ID_DETALLE_ANEXO, ID_RAMO, ID_ANEXO, NOMBRE_DETALLE_ANEXO) VALUES (141, 14, 1, 'MATERIALES IMPORTADOS.');
INSERT INTO DETALLE_ANEXO (ID_DETALLE_ANEXO, ID_RAMO, ID_ANEXO, NOMBRE_DETALLE_ANEXO) VALUES (142, 14, 1, 'MERCADERÍAS EN PROPIEDAD DE TERCEROS.');
INSERT INTO DETALLE_ANEXO (ID_DETALLE_ANEXO, ID_RAMO, ID_ANEXO, NOMBRE_DETALLE_ANEXO) VALUES (143, 14, 1, 'NO CANCELACIÓN INDIVIDUAL.');
INSERT INTO DETALLE_ANEXO (ID_DETALLE_ANEXO, ID_RAMO, ID_ANEXO, NOMBRE_DETALLE_ANEXO) VALUES (144, 14, 1, 'PAGO DE PRIMAS.');
INSERT INTO DETALLE_ANEXO (ID_DETALLE_ANEXO, ID_RAMO, ID_ANEXO, NOMBRE_DETALLE_ANEXO) VALUES (145, 14, 1, 'PAR Y JUEGO.');
INSERT INTO DETALLE_ANEXO (ID_DETALLE_ANEXO, ID_RAMO, ID_ANEXO, NOMBRE_DETALLE_ANEXO) VALUES (146, 14, 1, 'PROPIEDAD HORIZONTAL (para edificios que tengan condóminos).');
INSERT INTO DETALLE_ANEXO (ID_DETALLE_ANEXO, ID_RAMO, ID_ANEXO, NOMBRE_DETALLE_ANEXO) VALUES (147, 14, 1, 'PROPIEDAD HORIZONTAL (para edificios que tengan condóminos).');
INSERT INTO DETALLE_ANEXO (ID_DETALLE_ANEXO, ID_RAMO, ID_ANEXO, NOMBRE_DETALLE_ANEXO) VALUES (148, 14, 1, 'PROPIEDAD PERSONAL.');
INSERT INTO DETALLE_ANEXO (ID_DETALLE_ANEXO, ID_RAMO, ID_ANEXO, NOMBRE_DETALLE_ANEXO) VALUES (149, 14, 1, 'PROPIEDADES DE EJECUTIVOS Y EMPLEADOS HASTA (EXCLUYE JOYAS, DINERO  Y VALORES).');
INSERT INTO DETALLE_ANEXO (ID_DETALLE_ANEXO, ID_RAMO, ID_ANEXO, NOMBRE_DETALLE_ANEXO) VALUES (150, 14, 1, 'PROTECCIONES PARTICULARES.');
INSERT INTO DETALLE_ANEXO (ID_DETALLE_ANEXO, ID_RAMO, ID_ANEXO, NOMBRE_DETALLE_ANEXO) VALUES (151, 14, 1, 'REPARACIONES INMEDIATAS, PREVIA AUTORIZACIÓN DE LA COMPAÑIA DE SEGUROS.');
INSERT INTO DETALLE_ANEXO (ID_DETALLE_ANEXO, ID_RAMO, ID_ANEXO, NOMBRE_DETALLE_ANEXO) VALUES (152, 14, 1, 'REPOSICIÓN O REEMPLAZO.');
INSERT INTO DETALLE_ANEXO (ID_DETALLE_ANEXO, ID_RAMO, ID_ANEXO, NOMBRE_DETALLE_ANEXO) VALUES (153, 14, 1, 'RESTITUCIÓN AUTOMATICA DE SUMA ASEGURADA.');
INSERT INTO DETALLE_ANEXO (ID_DETALLE_ANEXO, ID_RAMO, ID_ANEXO, NOMBRE_DETALLE_ANEXO) VALUES (154, 14, 1, 'ROBO A CONSECUENCIA DE SINIESTRO.');
INSERT INTO DETALLE_ANEXO (ID_DETALLE_ANEXO, ID_RAMO, ID_ANEXO, NOMBRE_DETALLE_ANEXO) VALUES (155, 14, 1, 'SALVAMENTO.');
INSERT INTO DETALLE_ANEXO (ID_DETALLE_ANEXO, ID_RAMO, ID_ANEXO, NOMBRE_DETALLE_ANEXO) VALUES (156, 14, 1, 'TRASLADO TEMPORAL.'); 
-- COBERTURA
--TITULO - Todo Riesgo
INSERT INTO DETALLE_ANEXO (ID_DETALLE_ANEXO, ID_RAMO, ID_ANEXO, ID_TITULO, NOMBRE_DETALLE_ANEXO) VALUES (157, 14, 2, 7, 'INCENDIO Y/O RAYO, TERREMOTO, TEMBLOR, ERUPCIÓN VOLCANICA, DAÑOS POR CENIZA, EXPLOSIÓN, DAÑOSPOR AGUA, DAÑOS POR LLUVIA E INUNDACIÓN, GRANIZADA, MOTIN Y HUELGA, CONMOCIÓN CIVIL, DA—O MALICIOSO Y VANDALISMO, COBERTURA EXTENDIDA AMPLIA, FENOMENOS DE LA NATURALEZA, CAIDA DE ARBOLES, DESLIZAMIENTOS, ALUD, DESPLAZAMIENTOS DE TIERRA, HUNDIMIENTO, AGRIETAMIENTO DE MURO, PISOS PAVIMENTOS O CIMIENTOS, PISCINAS Y CISTERNAS, COLAPSO.');
-- COBERTURAS ADICIONALES
INSERT INTO DETALLE_ANEXO (ID_DETALLE_ANEXO, ID_RAMO, ID_ANEXO, NOMBRE_DETALLE_ANEXO) VALUES (158, 14, 6, 'AUTOEXPLOSIÓN.');
INSERT INTO DETALLE_ANEXO (ID_DETALLE_ANEXO, ID_RAMO, ID_ANEXO, NOMBRE_DETALLE_ANEXO) VALUES (159, 14, 6, 'CLAUSULA ELECTRICA AMPLIA.');
INSERT INTO DETALLE_ANEXO (ID_DETALLE_ANEXO, ID_RAMO, ID_ANEXO, NOMBRE_DETALLE_ANEXO) VALUES (160, 14, 6, 'HONORARIOS DE CONTADORES, AUDITORES.');
INSERT INTO DETALLE_ANEXO (ID_DETALLE_ANEXO, ID_RAMO, ID_ANEXO, NOMBRE_DETALLE_ANEXO) VALUES (161, 14, 6, 'HONORARIOS DE INGENIEROS, ARQUITECTOS Y TOPOGRAFOS.');
INSERT INTO DETALLE_ANEXO (ID_DETALLE_ANEXO, ID_RAMO, ID_ANEXO, NOMBRE_DETALLE_ANEXO) VALUES (162, 14, 6, 'HONORARIOS DE PROFESIONALES.');
INSERT INTO DETALLE_ANEXO (ID_DETALLE_ANEXO, ID_RAMO, ID_ANEXO, NOMBRE_DETALLE_ANEXO) VALUES (163, 14, 6, 'IMPLOSIÓN.');
INSERT INTO DETALLE_ANEXO (ID_DETALLE_ANEXO, ID_RAMO, ID_ANEXO, NOMBRE_DETALLE_ANEXO) VALUES (164, 14, 6, 'REMOCIÓN DE ESCOMBROS.');
INSERT INTO DETALLE_ANEXO (ID_DETALLE_ANEXO, ID_RAMO, ID_ANEXO, NOMBRE_DETALLE_ANEXO) VALUES (165, 14, 6, 'ROTURA DE VIDRIOS Y CRISTALES.'); 
-- CONDICIONES ESPECIALES
--TITULO - Todo Riesgo
INSERT INTO DETALLE_ANEXO (ID_DETALLE_ANEXO, ID_RAMO, ID_ANEXO, ID_TITULO, NOMBRE_DETALLE_ANEXO) VALUES (166, 14, 3, 8, 'Se entender· el dinero en efectivo de origen nacional y extranjero, cheques y cualquier documento valorado y negociable, de propiedad o bajo la responsabilidad del asegurado y que permanezcan en los predios asegurados o sean trasladados en el territorio nacional.');
--TITULO - Todo Riesgo
INSERT INTO DETALLE_ANEXO (ID_DETALLE_ANEXO, ID_RAMO, ID_ANEXO, ID_TITULO, NOMBRE_DETALLE_ANEXO) VALUES (167, 14, 3, 9, 'Se entender· por edificios todas las CONSTRUCCIÓNes fijas con todas sus adiciones y anexos; las situadas bajo suelo, aceras, patios con sus revestimientos y materiales, incluyen todas las obras civiles realizadas en los predios asegurados; los jardines y espacios verdes con todas sus adiciones y toda edificaciÛn, aunque no se haya mencionado especÌficamente, de acuerdo a la designaciÛn de bienes del asegurado. Incluye todas las instalaciones permanentes y equipos que constituyen parte integrante de las edificaciones en los predios asegurados.');
--TITULO - Todo Riesgo
INSERT INTO DETALLE_ANEXO (ID_DETALLE_ANEXO, ID_RAMO, ID_ANEXO, ID_TITULO, NOMBRE_DETALLE_ANEXO) VALUES (168, 14, 3, 10, 'Se entender· toda la maquinaria, equipos, instalaciones, accesorios, conexiones y cualquier sistema propio de la maquinaria, tanques de almacenamiento y sus instalaciones y en general todo elemento perteneciente a maquinaria aunque no se haya determinado especÌficamente de propiedad del asegurado o por los que sea responsable ubicados en cualquier parte de los predios asegurados y de acuerdo a la designaciÛn de bienes del asegurado.');
--TITULO - Todo Riesgo
INSERT INTO DETALLE_ANEXO (ID_DETALLE_ANEXO, ID_RAMO, ID_ANEXO, ID_TITULO, NOMBRE_DETALLE_ANEXO) VALUES (169, 14, 3, 11, 'Se entender· entre otros todas las materias primas, productos en proceso y terminados, materiales, repuestos, suministros, lubricantes y en general todo activo sujeto a variaciÛn de inventarios no considerados en los activos fijos y de acuerdo a la designaciÛn de bienes del asegurado, aunque no sean mencionados especÌficamente de propiedad del asegurado y por los que fuera responsable, ubicados en cualquier parte de los predios asegurados.');
--TITULO - Todo Riesgo
INSERT INTO DETALLE_ANEXO (ID_DETALLE_ANEXO, ID_RAMO, ID_ANEXO, ID_TITULO, NOMBRE_DETALLE_ANEXO) VALUES (170, 14, 3, 12, 'Muebles, enseres, equipos y bienes de oficina y de las diferentes dependencias; mejoras locativas; aunque no se haya determinado especÌficamente de propiedad del asegurado o por los que sea responsable ubicados en cualquier parte de los predios asegurados y de acuerdo a la designaciÛn de bienes del asegurado.');
-- ****** RAMO - Lucro Cesante Rotura Maquinaria ******
-- CLAUSULAS ADICIONALES
INSERT INTO DETALLE_ANEXO (ID_DETALLE_ANEXO, ID_RAMO, ID_ANEXO, NOMBRE_DETALLE_ANEXO) VALUES (171, 15, 1, 'ADHESIÓN.');
INSERT INTO DETALLE_ANEXO (ID_DETALLE_ANEXO, ID_RAMO, ID_ANEXO, NOMBRE_DETALLE_ANEXO) VALUES (172, 15, 1, 'AJUSTADORES DE MUTUO ACUERDO.');
INSERT INTO DETALLE_ANEXO (ID_DETALLE_ANEXO, ID_RAMO, ID_ANEXO, NOMBRE_DETALLE_ANEXO) VALUES (173, 15, 1, 'AMPARO AUTOMÁTICO PARA MAQUINARIAS Y EQUIPOS.');
INSERT INTO DETALLE_ANEXO (ID_DETALLE_ANEXO, ID_RAMO, ID_ANEXO, NOMBRE_DETALLE_ANEXO) VALUES (174, 15, 1, 'AVISO DE SINIESTRO.');
INSERT INTO DETALLE_ANEXO (ID_DETALLE_ANEXO, ID_RAMO, ID_ANEXO, NOMBRE_DETALLE_ANEXO) VALUES (175, 15, 1, 'CANCELACION A PRORRATA POR FUERZA MAYOR.');
INSERT INTO DETALLE_ANEXO (ID_DETALLE_ANEXO, ID_RAMO, ID_ANEXO, NOMBRE_DETALLE_ANEXO) VALUES (176, 15, 1, 'CANCELACION DE LA PÓLIZA.');
INSERT INTO DETALLE_ANEXO (ID_DETALLE_ANEXO, ID_RAMO, ID_ANEXO, NOMBRE_DETALLE_ANEXO) VALUES (177, 15, 1, 'CLAUSULA DE MANTENIMIENTO PREVENTIVO.');
INSERT INTO DETALLE_ANEXO (ID_DETALLE_ANEXO, ID_RAMO, ID_ANEXO, NOMBRE_DETALLE_ANEXO) VALUES (178, 15, 1, 'COBERTURA AUTOMÁTICA PARA EQUIPOS, MAQUINAS Y SUS PARTES EN SUSTITUCIÓN DE OTRAS SINIESTRADAS.');
INSERT INTO DETALLE_ANEXO (ID_DETALLE_ANEXO, ID_RAMO, ID_ANEXO, NOMBRE_DETALLE_ANEXO) VALUES (179, 15, 1, 'COBERTURA PARA ACEITES LUBRICANTES Y REFRIGERANTES.');
INSERT INTO DETALLE_ANEXO (ID_DETALLE_ANEXO, ID_RAMO, ID_ANEXO, NOMBRE_DETALLE_ANEXO) VALUES (180, 15, 1, 'COBERTURA PARA CADENAS, CORREAS Y BANDAS TRANSPORTADORAS.');
INSERT INTO DETALLE_ANEXO (ID_DETALLE_ANEXO, ID_RAMO, ID_ANEXO, NOMBRE_DETALLE_ANEXO) VALUES (181, 15, 1, 'COBERTURA PARA CIMENTACIONES.');
INSERT INTO DETALLE_ANEXO (ID_DETALLE_ANEXO, ID_RAMO, ID_ANEXO, NOMBRE_DETALLE_ANEXO) VALUES (182, 15, 1, 'DESIGNACIÓN DE BIENES.');
INSERT INTO DETALLE_ANEXO (ID_DETALLE_ANEXO, ID_RAMO, ID_ANEXO, NOMBRE_DETALLE_ANEXO) VALUES (183, 15, 1, 'DESTRUCCION PREVENTIVA PREVIA AUTORIZACION DE LA COMPAÑIA.');
INSERT INTO DETALLE_ANEXO (ID_DETALLE_ANEXO, ID_RAMO, ID_ANEXO, NOMBRE_DETALLE_ANEXO) VALUES (184, 15, 1, 'EXTENSION DE VIGENCIA 30 DÕAS.');
INSERT INTO DETALLE_ANEXO (ID_DETALLE_ANEXO, ID_RAMO, ID_ANEXO, NOMBRE_DETALLE_ANEXO) VALUES (185, 15, 1, 'GASTOS ADICIONALES, HORAS EXTRAS, TRABAJO NOCTURNO Y EN DÕAS FESTIVOS; FLETE EXPRESO Y/O AÉREO.');
INSERT INTO DETALLE_ANEXO (ID_DETALLE_ANEXO, ID_RAMO, ID_ANEXO, NOMBRE_DETALLE_ANEXO) VALUES (186, 15, 1, 'HONORARIOS, GASTOS DE VIAJE Y ESTADÕA DE T…CNICOS Y PROFESIONALES.');
INSERT INTO DETALLE_ANEXO (ID_DETALLE_ANEXO, ID_RAMO, ID_ANEXO, NOMBRE_DETALLE_ANEXO) VALUES (187, 15, 1, 'INTERÉS ASEGURABLE DIVERSO.');
INSERT INTO DETALLE_ANEXO (ID_DETALLE_ANEXO, ID_RAMO, ID_ANEXO, NOMBRE_DETALLE_ANEXO) VALUES (188, 15, 1, 'INTERES ASEGURADO EN PROPIEDAD DE TERCEROS.');
INSERT INTO DETALLE_ANEXO (ID_DETALLE_ANEXO, ID_RAMO, ID_ANEXO, NOMBRE_DETALLE_ANEXO) VALUES (189, 15, 1, 'LIBRE CIRCULACIÓN.');
INSERT INTO DETALLE_ANEXO (ID_DETALLE_ANEXO, ID_RAMO, ID_ANEXO, NOMBRE_DETALLE_ANEXO) VALUES (190, 15, 1, 'MAQUINARIA Y EQUIPO BAJO TIERRA.');
INSERT INTO DETALLE_ANEXO (ID_DETALLE_ANEXO, ID_RAMO, ID_ANEXO, NOMBRE_DETALLE_ANEXO) VALUES (191, 15, 1, 'MATERIALES REFRACTARIOS DE HORNOS Y CALDERAS.');
INSERT INTO DETALLE_ANEXO (ID_DETALLE_ANEXO, ID_RAMO, ID_ANEXO, NOMBRE_DETALLE_ANEXO) VALUES (192, 15, 1, 'NO CANCELACION INDIVIDUAL DE LA PÓLIZA.');
INSERT INTO DETALLE_ANEXO (ID_DETALLE_ANEXO, ID_RAMO, ID_ANEXO, NOMBRE_DETALLE_ANEXO) VALUES (193, 15, 1, 'PAGO DE PRIMAS.');
INSERT INTO DETALLE_ANEXO (ID_DETALLE_ANEXO, ID_RAMO, ID_ANEXO, NOMBRE_DETALLE_ANEXO) VALUES (194, 15, 1, 'PAR Y JUEGO.');
INSERT INTO DETALLE_ANEXO (ID_DETALLE_ANEXO, ID_RAMO, ID_ANEXO, NOMBRE_DETALLE_ANEXO) VALUES (195, 15, 1, 'PÉRDIDA DE CONTENIDO.');
INSERT INTO DETALLE_ANEXO (ID_DETALLE_ANEXO, ID_RAMO, ID_ANEXO, NOMBRE_DETALLE_ANEXO) VALUES (196, 15, 1, 'PROTECCIONES PARTICULARES.');
INSERT INTO DETALLE_ANEXO (ID_DETALLE_ANEXO, ID_RAMO, ID_ANEXO, NOMBRE_DETALLE_ANEXO) VALUES (197, 15, 1, 'REPARACIONES INMEDIATAS  PREVIA AUTORIZACION DE LA COMPANIA.');
INSERT INTO DETALLE_ANEXO (ID_DETALLE_ANEXO, ID_RAMO, ID_ANEXO, NOMBRE_DETALLE_ANEXO) VALUES (198, 15, 1, 'RESTITUCIÓN AUTOMATICA DE SUMA ASEGURADA.');
INSERT INTO DETALLE_ANEXO (ID_DETALLE_ANEXO, ID_RAMO, ID_ANEXO, NOMBRE_DETALLE_ANEXO) VALUES (199, 15, 1, 'SALVAMENTO.');
INSERT INTO DETALLE_ANEXO (ID_DETALLE_ANEXO, ID_RAMO, ID_ANEXO, NOMBRE_DETALLE_ANEXO) VALUES (200, 15, 1, 'TRASLADO TEMPORAL UNICAMENTE PARA REPARACIONES, SE EXCLUYE TRANSPORTE Y HURTO.'); 

-- COBERTURAS
INSERT INTO DETALLE_ANEXO (ID_DETALLE_ANEXO, ID_RAMO, ID_ANEXO, NOMBRE_DETALLE_ANEXO) VALUES (201, 15, 2, 'CUBRE LA PÉRDIDA DE UTILIDAD QUE RESULTE DIRECTAMENTE DE LA INTERRUPCION NECESARIA DEL NEGOCIO, POR LOS DAÑOSOCASIONADOS POR CUALQUIER EVENTO AMPARADO EN LA PÓLIZA DE INCENDIO No.');
-- COBERTURAS ADICIONALES
INSERT INTO DETALLE_ANEXO (ID_DETALLE_ANEXO, ID_RAMO, ID_ANEXO, NOMBRE_DETALLE_ANEXO) VALUES (202, 15, 6, 'FLETE AEREO.');
INSERT INTO DETALLE_ANEXO (ID_DETALLE_ANEXO, ID_RAMO, ID_ANEXO, NOMBRE_DETALLE_ANEXO) VALUES (203, 15, 6, 'GASTOS EXTRAORDINARIOS.');

--VEHÍCULOS - Clausulas Adicionales
INSERT INTO DETALLE_ANEXO (ID_DETALLE_ANEXO, ID_RAMO, ID_ANEXO, NOMBRE_DETALLE_ANEXO) VALUES (204, 25, 1, 'PAGO DE PRIMAS');
INSERT INTO DETALLE_ANEXO (ID_DETALLE_ANEXO, ID_RAMO, ID_ANEXO, NOMBRE_DETALLE_ANEXO) VALUES (205, 25, 1, 'CANCELACION DE LA PÓLIZA');
INSERT INTO DETALLE_ANEXO (ID_DETALLE_ANEXO, ID_RAMO, ID_ANEXO, NOMBRE_DETALLE_ANEXO) VALUES (206, 25, 1, 'NOTIFICACIÓN DEL SINIESTRO');
INSERT INTO DETALLE_ANEXO (ID_DETALLE_ANEXO, ID_RAMO, ID_ANEXO, NOMBRE_DETALLE_ANEXO) VALUES (207, 25, 1, 'RESTITUCIÓN AUTOMATICA DE SUMA ASEGURADA');
INSERT INTO DETALLE_ANEXO (ID_DETALLE_ANEXO, ID_RAMO, ID_ANEXO, NOMBRE_DETALLE_ANEXO) VALUES (208, 25, 1, 'PRIMER OPCION DE COMPRA');
INSERT INTO DETALLE_ANEXO (ID_DETALLE_ANEXO, ID_RAMO, ID_ANEXO, NOMBRE_DETALLE_ANEXO) VALUES (209, 25, 1, 'ADHESIÓN');
INSERT INTO DETALLE_ANEXO (ID_DETALLE_ANEXO, ID_RAMO, ID_ANEXO, NOMBRE_DETALLE_ANEXO) VALUES (210, 25, 1, 'COBERTURA PARA AIRBAGS');
INSERT INTO DETALLE_ANEXO (ID_DETALLE_ANEXO, ID_RAMO, ID_ANEXO, NOMBRE_DETALLE_ANEXO) VALUES (211, 25, 1, 'NO DEPRECIACION DE PARTES Y PIEZAS');
INSERT INTO DETALLE_ANEXO (ID_DETALLE_ANEXO, ID_RAMO, ID_ANEXO, NOMBRE_DETALLE_ANEXO) VALUES (212, 25, 1, 'AJUSTADORES DE MUTUO ACUERDO');
INSERT INTO DETALLE_ANEXO (ID_DETALLE_ANEXO, ID_RAMO, ID_ANEXO, NOMBRE_DETALLE_ANEXO) VALUES (213, 25, 1, 'AMPARO AUTOMATICO DE NUEVOS VEHÍCULOS 30 DÍAS');
INSERT INTO DETALLE_ANEXO (ID_DETALLE_ANEXO, ID_RAMO, ID_ANEXO, NOMBRE_DETALLE_ANEXO) VALUES (214, 25, 1, 'PASO POR PUENTES Y GABARRAS');
INSERT INTO DETALLE_ANEXO (ID_DETALLE_ANEXO, ID_RAMO, ID_ANEXO, NOMBRE_DETALLE_ANEXO) VALUES (215, 25, 1, 'CAMINOS NO ENTREGADOS OFICIALMENTE AL USO PUBLICO');
INSERT INTO DETALLE_ANEXO (ID_DETALLE_ANEXO, ID_RAMO, ID_ANEXO, NOMBRE_DETALLE_ANEXO) VALUES (216, 25, 1, 'AVISOS Y LETREROS');
INSERT INTO DETALLE_ANEXO (ID_DETALLE_ANEXO, ID_RAMO, ID_ANEXO, NOMBRE_DETALLE_ANEXO) VALUES (217, 25, 1, 'AMPARO AUTOMATICO DE NUEVOS ACCESORIOS 30 DÍAS');
INSERT INTO DETALLE_ANEXO (ID_DETALLE_ANEXO, ID_RAMO, ID_ANEXO, NOMBRE_DETALLE_ANEXO) VALUES (218, 25, 1, 'AMPLIACIÓN DE ACCESORIOS ESPECIALES');
INSERT INTO DETALLE_ANEXO (ID_DETALLE_ANEXO, ID_RAMO, ID_ANEXO, NOMBRE_DETALLE_ANEXO) VALUES (219, 25, 1, 'DESIGNACIÓN DE TALLER');
INSERT INTO DETALLE_ANEXO (ID_DETALLE_ANEXO, ID_RAMO, ID_ANEXO, NOMBRE_DETALLE_ANEXO) VALUES (220, 25, 1, 'PAR Y JUEGO');

--VEHÍCULOS - Condiciones Especiales
INSERT INTO DETALLE_ANEXO (ID_DETALLE_ANEXO, ID_RAMO, ID_ANEXO, NOMBRE_DETALLE_ANEXO) VALUES (221, 25, 3, 'MATRÍCULA A NOMBRE DEL ASEGURADO');
INSERT INTO DETALLE_ANEXO (ID_DETALLE_ANEXO, ID_RAMO, ID_ANEXO, NOMBRE_DETALLE_ANEXO) VALUES (222, 25, 3, 'COBERTURAS DE RADIOS PULL-OUT');
INSERT INTO DETALLE_ANEXO (ID_DETALLE_ANEXO, ID_RAMO, ID_ANEXO, NOMBRE_DETALLE_ANEXO) VALUES (223, 25, 3, 'COBERTURAS DE RADIOS FACE - OUT');
INSERT INTO DETALLE_ANEXO (ID_DETALLE_ANEXO, ID_RAMO, ID_ANEXO, NOMBRE_DETALLE_ANEXO) VALUES (224, 25, 3, 'COBERTURA DE SISTEMAS DE AUDIO Y VIDEO');
INSERT INTO DETALLE_ANEXO (ID_DETALLE_ANEXO, ID_RAMO, ID_ANEXO, NOMBRE_DETALLE_ANEXO) VALUES (225, 25, 3, 'PAGO DE RECLAMOS');

--VEHÍCULOS - Coberturas Adicionales
INSERT INTO DETALLE_ANEXO (ID_DETALLE_ANEXO, ID_RAMO, ID_ANEXO, NOMBRE_DETALLE_ANEXO) VALUES (227, 25, 6, 'RESPONSABILIDAD CIVIL (LUC) POR VEHICULO');
INSERT INTO DETALLE_ANEXO (ID_DETALLE_ANEXO, ID_RAMO, ID_ANEXO, NOMBRE_DETALLE_ANEXO) VALUES (228, 25, 6, 'EXCESOS DE RESPONSABILIDAD CIVIL');
INSERT INTO DETALLE_ANEXO (ID_DETALLE_ANEXO, ID_RAMO, ID_ANEXO, NOMBRE_DETALLE_ANEXO) VALUES (229, 25, 6, 'ACCIDENTES PERSONALES PARA OCUPANTES (INCLUYENDO AL CONDUCTO). MUERTE ACCIDENTAL E INVALIDEZ TOTAL PERMANENTE ');
INSERT INTO DETALLE_ANEXO (ID_DETALLE_ANEXO, ID_RAMO, ID_ANEXO, NOMBRE_DETALLE_ANEXO) VALUES (230, 25, 6, ' GASTOS MEDICOS PARA OCUPANTES');
INSERT INTO DETALLE_ANEXO (ID_DETALLE_ANEXO, ID_RAMO, ID_ANEXO, NOMBRE_DETALLE_ANEXO) VALUES (231, 25, 6, ' AMPARO PATRIMONIAL');
INSERT INTO DETALLE_ANEXO (ID_DETALLE_ANEXO, ID_RAMO, ID_ANEXO, NOMBRE_DETALLE_ANEXO) VALUES (232, 25, 6, ' GASTOS DE REMOLQUE A CONSECUENCIA DE ACCIDENTE');
INSERT INTO DETALLE_ANEXO (ID_DETALLE_ANEXO, ID_RAMO, ID_ANEXO, NOMBRE_DETALLE_ANEXO) VALUES (233, 25, 6, ' GASTOS DE SEPELIO');
INSERT INTO DETALLE_ANEXO (ID_DETALLE_ANEXO, ID_RAMO, ID_ANEXO, NOMBRE_DETALLE_ANEXO) VALUES (234, 25, 6, ' GASTOS DE AMBULANCIA');
INSERT INTO DETALLE_ANEXO (ID_DETALLE_ANEXO, ID_RAMO, ID_ANEXO, NOMBRE_DETALLE_ANEXO) VALUES (235, 25, 6, ' ASISTENCIA LEGAL PRIMARIA');
INSERT INTO DETALLE_ANEXO (ID_DETALLE_ANEXO, ID_RAMO, ID_ANEXO, NOMBRE_DETALLE_ANEXO) VALUES (236, 25, 6, ' COBERTURA PACTO ANDINO');
INSERT INTO DETALLE_ANEXO (ID_DETALLE_ANEXO, ID_RAMO, ID_ANEXO, NOMBRE_DETALLE_ANEXO) VALUES (237, 25, 6, ' ASISTENCIA VEHICULAR (VEHÍCULOS LIVIANOS)');
INSERT INTO DETALLE_ANEXO (ID_DETALLE_ANEXO, ID_RAMO, ID_ANEXO, NOMBRE_DETALLE_ANEXO) VALUES (238, 25, 6, ' AUTO SUSTITUTO');

--Vehículos - Coberturas Vehículos
INSERT INTO DETALLE_ANEXO (ID_DETALLE_ANEXO, ID_RAMO, ID_ANEXO, ID_TITULO, NOMBRE_DETALLE_ANEXO) VALUES (239, 25, 2,13,' ROBO TOTAL Y PARCIAL, PÉRDIDA TOTAL POR CHOQUE, CHOQUE PARCIAL, VOLCADURA, INCENDIO Y/O RAYO, AUTO IGNICION, EXPLOSION, TERREMOTO, ROTURA DE VIDRIOS, MOTIN Y HUELGA, CONMOCION CIVIL, DAÑO MALICIOSO, PASO DE PUENTES Y GABARRAS, CAIDA DE PUENTES, FENOMENOS DE LA NATURALEZA, CAIDA DE ARBOLES, CAIDA DE ROCAS, IMPACTO DE PROYECTILES, CIDA DE EDIFICIO U OBJETOS QUE SALGAN DE ELLOS, TRANSITO POR CAMINOS  NO ENTREGADOS OFICIALMENTE AL PUBLICO.');
INSERT INTO DETALLE_ANEXO (ID_DETALLE_ANEXO, ID_RAMO, ID_ANEXO, ID_TITULO, NOMBRE_DETALLE_ANEXO) VALUES (240, 25, 2,14,' PÉRDIDA PARCIAL POR ROBO');
INSERT INTO DETALLE_ANEXO (ID_DETALLE_ANEXO, ID_RAMO, ID_ANEXO, ID_TITULO, NOMBRE_DETALLE_ANEXO) VALUES (241, 25, 2,14, ' PÉRDIDA PARCIAL POR DAÑO');
INSERT INTO DETALLE_ANEXO (ID_DETALLE_ANEXO, ID_RAMO, ID_ANEXO, ID_TITULO, NOMBRE_DETALLE_ANEXO) VALUES (242, 25, 2,14, ' PÉRDIDA TOTAL POR ROBO');
INSERT INTO DETALLE_ANEXO (ID_DETALLE_ANEXO, ID_RAMO, ID_ANEXO, ID_TITULO, NOMBRE_DETALLE_ANEXO) VALUES (243, 25, 2,14, ' PÉRDIDA TOTAL POR DAÑO');
INSERT INTO DETALLE_ANEXO (ID_DETALLE_ANEXO, ID_RAMO, ID_ANEXO, ID_TITULO, NOMBRE_DETALLE_ANEXO) VALUES (244, 25, 2,15, ' DAÑOS AL VEHICULO POR CHOQUE');
INSERT INTO DETALLE_ANEXO (ID_DETALLE_ANEXO, ID_RAMO, ID_ANEXO, ID_TITULO, NOMBRE_DETALLE_ANEXO) VALUES (245, 25, 2,15, ' VOLCADURA');
INSERT INTO DETALLE_ANEXO (ID_DETALLE_ANEXO, ID_RAMO, ID_ANEXO, ID_TITULO, NOMBRE_DETALLE_ANEXO) VALUES (246, 25, 2,15, ' INCENDIO');
INSERT INTO DETALLE_ANEXO (ID_DETALLE_ANEXO, ID_RAMO, ID_ANEXO, ID_TITULO, NOMBRE_DETALLE_ANEXO) VALUES (247, 25, 2,15, ' EXPLOSION');
INSERT INTO DETALLE_ANEXO (ID_DETALLE_ANEXO, ID_RAMO, ID_ANEXO, ID_TITULO, NOMBRE_DETALLE_ANEXO) VALUES (248, 25, 2,15, ' AUTOINGNICION');
INSERT INTO DETALLE_ANEXO (ID_DETALLE_ANEXO, ID_RAMO, ID_ANEXO, ID_TITULO, NOMBRE_DETALLE_ANEXO) VALUES (249, 25, 2,15, ' RIESGOS SOCIALES');
INSERT INTO DETALLE_ANEXO (ID_DETALLE_ANEXO, ID_RAMO, ID_ANEXO, ID_TITULO, NOMBRE_DETALLE_ANEXO) VALUES (250, 25, 2,15, ' RIESGOS DE LA NATURALEZA');
INSERT INTO DETALLE_ANEXO (ID_DETALLE_ANEXO, ID_RAMO, ID_ANEXO, ID_TITULO, NOMBRE_DETALLE_ANEXO) VALUES (251, 25, 2,15, ' ROBO TOTAL');
INSERT INTO DETALLE_ANEXO (ID_DETALLE_ANEXO, ID_RAMO, ID_ANEXO, ID_TITULO, NOMBRE_DETALLE_ANEXO) VALUES (252, 25, 2,15, ' ROBO PARCIAL');
INSERT INTO DETALLE_ANEXO (ID_DETALLE_ANEXO, ID_RAMO, ID_ANEXO, ID_TITULO, NOMBRE_DETALLE_ANEXO) VALUES (253, 25, 2,15, ' ROTURA DE VIDRIOS');

--TRANSPORTE 
--Transporte - Clausulas Adicionales 
INSERT INTO DETALLE_ANEXO (ID_DETALLE_ANEXO, ID_RAMO, ID_ANEXO, NOMBRE_DETALLE_ANEXO) VALUES (254, 24, 1, ' PAGO DE PRIMAS');
INSERT INTO DETALLE_ANEXO (ID_DETALLE_ANEXO, ID_RAMO, ID_ANEXO, NOMBRE_DETALLE_ANEXO) VALUES (255, 24, 1, ' CANCELACIÓN DE LA PÓLIZA');
INSERT INTO DETALLE_ANEXO (ID_DETALLE_ANEXO, ID_RAMO, ID_ANEXO, NOMBRE_DETALLE_ANEXO) VALUES (256, 24, 1, ' NOTIFICACIÓN DEL SINIESTRO');
INSERT INTO DETALLE_ANEXO (ID_DETALLE_ANEXO, ID_RAMO, ID_ANEXO, NOMBRE_DETALLE_ANEXO) VALUES (257, 24, 1, ' NO CANCELACIÓN INDIVIDUAL');
INSERT INTO DETALLE_ANEXO (ID_DETALLE_ANEXO, ID_RAMO, ID_ANEXO, NOMBRE_DETALLE_ANEXO) VALUES (258, 24, 1, ' PRIMERA OPCIÓN DE COMPRA');
INSERT INTO DETALLE_ANEXO (ID_DETALLE_ANEXO, ID_RAMO, ID_ANEXO, NOMBRE_DETALLE_ANEXO) VALUES (259, 24, 1, ' SALVAMENTO');
INSERT INTO DETALLE_ANEXO (ID_DETALLE_ANEXO, ID_RAMO, ID_ANEXO, NOMBRE_DETALLE_ANEXO) VALUES (260, 24, 1, ' AJUSTADORES DE MUTUO ACUERDO');
INSERT INTO DETALLE_ANEXO (ID_DETALLE_ANEXO, ID_RAMO, ID_ANEXO, NOMBRE_DETALLE_ANEXO) VALUES (261, 24, 1, ' CLAUSULA DE CLASIFICACIÓN DE BUQUES');
INSERT INTO DETALLE_ANEXO (ID_DETALLE_ANEXO, ID_RAMO, ID_ANEXO, NOMBRE_DETALLE_ANEXO) VALUES (262, 24, 1, ' CLAUSULA DE CLASIFICACIÓN TERRESTRE');
INSERT INTO DETALLE_ANEXO (ID_DETALLE_ANEXO, ID_RAMO, ID_ANEXO, NOMBRE_DETALLE_ANEXO) VALUES (263, 24, 1, ' ANEXO ACLARATORIO');
INSERT INTO DETALLE_ANEXO (ID_DETALLE_ANEXO, ID_RAMO, ID_ANEXO, NOMBRE_DETALLE_ANEXO) VALUES (264, 24, 1, ' TRANSBORDOS PREVIA AUTORIZACIÓN DE LA ASEGURADORA');
INSERT INTO DETALLE_ANEXO (ID_DETALLE_ANEXO, ID_RAMO, ID_ANEXO, NOMBRE_DETALLE_ANEXO) VALUES (265, 24, 1, ' ESTADÍA EN PUERTOS');
INSERT INTO DETALLE_ANEXO (ID_DETALLE_ANEXO, ID_RAMO, ID_ANEXO, NOMBRE_DETALLE_ANEXO) VALUES (266, 24, 1, ' AMPARO AUTOMÁTICO DE TODOS LOS EMBARQUES');
INSERT INTO DETALLE_ANEXO (ID_DETALLE_ANEXO, ID_RAMO, ID_ANEXO, NOMBRE_DETALLE_ANEXO) VALUES (267, 24, 1, ' PARADAS INTERMEDÍAS SIEMPRE Y CUANDO SEAN DE FUERZA MAYOR.');
INSERT INTO DETALLE_ANEXO (ID_DETALLE_ANEXO, ID_RAMO, ID_ANEXO, NOMBRE_DETALLE_ANEXO) VALUES (268, 24, 1, ' CARGA Y DESCARGA');
INSERT INTO DETALLE_ANEXO (ID_DETALLE_ANEXO, ID_RAMO, ID_ANEXO, NOMBRE_DETALLE_ANEXO) VALUES (269, 24, 1, ' PAR Y JUEGO');
INSERT INTO DETALLE_ANEXO (ID_DETALLE_ANEXO, ID_RAMO, ID_ANEXO, NOMBRE_DETALLE_ANEXO) VALUES (270, 24, 1, ' SALVATAJE');
INSERT INTO DETALLE_ANEXO (ID_DETALLE_ANEXO, ID_RAMO, ID_ANEXO, NOMBRE_DETALLE_ANEXO) VALUES (271, 24, 1, ' SELLOS Y MARCAS');

--Transporte - Condiciones Especiales 
INSERT INTO DETALLE_ANEXO (ID_DETALLE_ANEXO, ID_RAMO, ID_ANEXO, ID_TITULO, NOMBRE_DETALLE_ANEXO) VALUES (272, 24, 3,16, ' RASTREO SATELITAL');
INSERT INTO DETALLE_ANEXO (ID_DETALLE_ANEXO, ID_RAMO, ID_ANEXO, ID_TITULO, NOMBRE_DETALLE_ANEXO) VALUES (273, 24, 3,17, ' CANDADO SATELITAL');
INSERT INTO DETALLE_ANEXO (ID_DETALLE_ANEXO, ID_RAMO, ID_ANEXO, ID_TITULO, NOMBRE_DETALLE_ANEXO) VALUES (274, 24, 3,17, ' GUARDIANÍA ARMADA');
INSERT INTO DETALLE_ANEXO (ID_DETALLE_ANEXO, ID_RAMO, ID_ANEXO, ID_TITULO, NOMBRE_DETALLE_ANEXO) VALUES (275, 24, 3,17, ' VEHÍCULOS SIN PUBLICIDAD');
INSERT INTO DETALLE_ANEXO (ID_DETALLE_ANEXO, ID_RAMO, ID_ANEXO, ID_TITULO, NOMBRE_DETALLE_ANEXO) VALUES (276, 24, 3,17, ' VEHÍCULOS DE TRANSPORTE TERRESTRE EN CONTENEDOR CERRADO O FURGÓN CERRADO');
INSERT INTO DETALLE_ANEXO (ID_DETALLE_ANEXO, ID_RAMO, ID_ANEXO, ID_TITULO, NOMBRE_DETALLE_ANEXO) VALUES (277, 24, 3,17, ' TRANSPORTE TERRESTRE NO MAYOR A 15 AÑOS DE FABRICACIÓN');
INSERT INTO DETALLE_ANEXO (ID_DETALLE_ANEXO, ID_RAMO, ID_ANEXO, ID_TITULO, NOMBRE_DETALLE_ANEXO) VALUES (278, 24, 3,17, ' INSPECCIONES EN EL LUGAR DE ARRIBO');

--TODO RIESGO MONTAJE
--Todo Riesgo Montaje - Valores Asegurados COBERTURAS
INSERT INTO DETALLE_ANEXO (ID_DETALLE_ANEXO, ID_RAMO, ID_ANEXO, NOMBRE_DETALLE_ANEXO) VALUES (279, 23, 7, ' AMPARO A: VALOR DEL MONTAJE');
INSERT INTO DETALLE_ANEXO (ID_DETALLE_ANEXO, ID_RAMO, ID_ANEXO, NOMBRE_DETALLE_ANEXO) VALUES (280, 23, 7, ' AMPARO B: TERREMOTO');
INSERT INTO DETALLE_ANEXO (ID_DETALLE_ANEXO, ID_RAMO, ID_ANEXO, NOMBRE_DETALLE_ANEXO) VALUES (281, 23, 7, ' AMPARO C: AVENIDA DE AGUA E INUNDACIÓN ');
INSERT INTO DETALLE_ANEXO (ID_DETALLE_ANEXO, ID_RAMO, ID_ANEXO, NOMBRE_DETALLE_ANEXO) VALUES (282, 23, 7, ' AMPARO D: MANTENIMIENTO SIMPLE');
INSERT INTO DETALLE_ANEXO (ID_DETALLE_ANEXO, ID_RAMO, ID_ANEXO, NOMBRE_DETALLE_ANEXO) VALUES (283, 23, 7, ' AMPARO G: REMOCION DE ESCOMBROS');

--Todo Riesgo Montaje - Endosos 
INSERT INTO DETALLE_ANEXO (ID_DETALLE_ANEXO, ID_RAMO, ID_ANEXO, NOMBRE_DETALLE_ANEXO) VALUES (284, 23, 8, ' 002 COBERTURA DE RESPONSABILIDAD CRUZADA');
INSERT INTO DETALLE_ANEXO (ID_DETALLE_ANEXO, ID_RAMO, ID_ANEXO, NOMBRE_DETALLE_ANEXO) VALUES (285, 23, 8, ' 005 PROGRAMAS DE CONSTRUCCIÓN');
INSERT INTO DETALLE_ANEXO (ID_DETALLE_ANEXO, ID_RAMO, ID_ANEXO, NOMBRE_DETALLE_ANEXO) VALUES (286, 23, 8, ' 006 GASTOS EXTRAORDINARIOS POR TIEMPO EXTRA, TRABAJO NOCTURNO, TRABAJO EN DÍAS FESTIVOS ');
INSERT INTO DETALLE_ANEXO (ID_DETALLE_ANEXO, ID_RAMO, ID_ANEXO, NOMBRE_DETALLE_ANEXO) VALUES (287, 23, 8, ' 008 ESTRUCTURAS EN ZONAS SISMICAS');
INSERT INTO DETALLE_ANEXO (ID_DETALLE_ANEXO, ID_RAMO, ID_ANEXO, NOMBRE_DETALLE_ANEXO) VALUES (288, 23, 8, ' 102 CABLES Y TUBERIAS SUBTERRANEAS');
INSERT INTO DETALLE_ANEXO (ID_DETALLE_ANEXO, ID_RAMO, ID_ANEXO, NOMBRE_DETALLE_ANEXO) VALUES (289, 23, 8, ' 106 TRABAJOS POR SECCION ');
INSERT INTO DETALLE_ANEXO (ID_DETALLE_ANEXO, ID_RAMO, ID_ANEXO, NOMBRE_DETALLE_ANEXO) VALUES (290, 23, 8, ' 107 CAMPAMENTOS Y ALMACENES');
INSERT INTO DETALLE_ANEXO (ID_DETALLE_ANEXO, ID_RAMO, ID_ANEXO, NOMBRE_DETALLE_ANEXO) VALUES (291, 23, 8, ' 109 ALMACENAJE DE MATERIAL ');
INSERT INTO DETALLE_ANEXO (ID_DETALLE_ANEXO, ID_RAMO, ID_ANEXO, NOMBRE_DETALLE_ANEXO) VALUES (292, 23, 8, ' 110 MEDIDAS DE SEGURIDAD');
INSERT INTO DETALLE_ANEXO (ID_DETALLE_ANEXO, ID_RAMO, ID_ANEXO, NOMBRE_DETALLE_ANEXO) VALUES (293, 23, 8, ' 112 EQUIPOS EXTINTORES DE INCENDIOS');
INSERT INTO DETALLE_ANEXO (ID_DETALLE_ANEXO, ID_RAMO, ID_ANEXO, NOMBRE_DETALLE_ANEXO) VALUES (294, 23, 8, ' 121 CIMENTACIONES DE PILOTAJE');
INSERT INTO DETALLE_ANEXO (ID_DETALLE_ANEXO, ID_RAMO, ID_ANEXO, NOMBRE_DETALLE_ANEXO) VALUES (295, 23, 8, ' 206 CONDICIONES ESPECIALES PARA EQUIPOS EXTINTORES DE INCENDIO');
INSERT INTO DETALLE_ANEXO (ID_DETALLE_ANEXO, ID_RAMO, ID_ANEXO, NOMBRE_DETALLE_ANEXO) VALUES (296, 23, 8, ' 207 CAMPAMENTOS Y ALMACENES DE MATERIALES DE CONSTRUCCIÓN ');
INSERT INTO DETALLE_ANEXO (ID_DETALLE_ANEXO, ID_RAMO, ID_ANEXO, NOMBRE_DETALLE_ANEXO) VALUES (297, 23, 8, ' 221 MEDIDAS DE SEGURIDAD');

--Todo - Riesgo Montaje - Clausulas Adicionales 
INSERT INTO DETALLE_ANEXO (ID_DETALLE_ANEXO, ID_RAMO, ID_ANEXO, NOMBRE_DETALLE_ANEXO) VALUES (298, 23, 1, ' CLAUSULA DE 72 HORAS');
INSERT INTO DETALLE_ANEXO (ID_DETALLE_ANEXO, ID_RAMO, ID_ANEXO, NOMBRE_DETALLE_ANEXO) VALUES (299, 23, 1, ' AVISO DE CANCELACIÓN');
INSERT INTO DETALLE_ANEXO (ID_DETALLE_ANEXO, ID_RAMO, ID_ANEXO, NOMBRE_DETALLE_ANEXO) VALUES (300, 23, 1, ' AVISO DE SINIESTRO');
INSERT INTO DETALLE_ANEXO (ID_DETALLE_ANEXO, ID_RAMO, ID_ANEXO, NOMBRE_DETALLE_ANEXO) VALUES (301, 23, 1, ' PAGO DE PRIMA');
INSERT INTO DETALLE_ANEXO (ID_DETALLE_ANEXO, ID_RAMO, ID_ANEXO, NOMBRE_DETALLE_ANEXO) VALUES (302, 23, 1, ' ADHESIÓN');

--TODO RIESGO CONTRATISTA 
--Todo Riesgo Contratista - Valores Asegurados y Coberturas 
INSERT INTO DETALLE_ANEXO (ID_DETALLE_ANEXO, ID_RAMO, ID_ANEXO, NOMBRE_DETALLE_ANEXO) VALUES (303, 22, 7, ' AMPARO A: VALOR DE LA CONSTRUCCIÓN');
INSERT INTO DETALLE_ANEXO (ID_DETALLE_ANEXO, ID_RAMO, ID_ANEXO, NOMBRE_DETALLE_ANEXO) VALUES (304, 22, 7, ' AMPARO B: TERREMOTO');
INSERT INTO DETALLE_ANEXO (ID_DETALLE_ANEXO, ID_RAMO, ID_ANEXO, NOMBRE_DETALLE_ANEXO) VALUES (305, 22, 7, ' AMPARO C: AVENIDA DE AGUA E INUNDACIÓN ');
INSERT INTO DETALLE_ANEXO (ID_DETALLE_ANEXO, ID_RAMO, ID_ANEXO, NOMBRE_DETALLE_ANEXO) VALUES (306, 22, 7, ' AMPARO D: MANTENIMIENTO SIMPLE');
INSERT INTO DETALLE_ANEXO (ID_DETALLE_ANEXO, ID_RAMO, ID_ANEXO, NOMBRE_DETALLE_ANEXO) VALUES (307, 22, 7, ' AMPARO G: REMOCION DE ESCOMBROS');

--Todo Riesgo Contratista - Endosos 
INSERT INTO DETALLE_ANEXO (ID_DETALLE_ANEXO, ID_RAMO, ID_ANEXO, NOMBRE_DETALLE_ANEXO) VALUES (308, 22, 8, ' 002 COBERTURA DE RESPONSABILIDAD CRUZADA ');
INSERT INTO DETALLE_ANEXO (ID_DETALLE_ANEXO, ID_RAMO, ID_ANEXO, NOMBRE_DETALLE_ANEXO) VALUES (309, 22, 8, ' 005 PROGRAMAS DE CONSTRUCCIÓN ');
INSERT INTO DETALLE_ANEXO (ID_DETALLE_ANEXO, ID_RAMO, ID_ANEXO, NOMBRE_DETALLE_ANEXO) VALUES (310, 22, 8, ' 006 GASTOS EXTRAORDINARIOS POR TIEMPO EXTRA, TRABAJO NOCTURNO, TRABAJO EN DÍAS FESTIVOS ');
INSERT INTO DETALLE_ANEXO (ID_DETALLE_ANEXO, ID_RAMO, ID_ANEXO, NOMBRE_DETALLE_ANEXO) VALUES (311, 22, 8, ' 008 ESTRUCTURAS EN ZONAS SISMICAS');
INSERT INTO DETALLE_ANEXO (ID_DETALLE_ANEXO, ID_RAMO, ID_ANEXO, NOMBRE_DETALLE_ANEXO) VALUES (312, 22, 8, ' 102 CABLES Y TUBERIAS SUBTERRANEAS');
INSERT INTO DETALLE_ANEXO (ID_DETALLE_ANEXO, ID_RAMO, ID_ANEXO, NOMBRE_DETALLE_ANEXO) VALUES (313, 22, 8, ' 103 COSECHAS, BOSQUES Y CULTIVOS');
INSERT INTO DETALLE_ANEXO (ID_DETALLE_ANEXO, ID_RAMO, ID_ANEXO, NOMBRE_DETALLE_ANEXO) VALUES (314, 22, 8, ' 106 TRABAJOS POR SECCION ');
INSERT INTO DETALLE_ANEXO (ID_DETALLE_ANEXO, ID_RAMO, ID_ANEXO, NOMBRE_DETALLE_ANEXO) VALUES (315, 22, 8, ' 107 CAMPAMENTOS Y ALMACENES');
INSERT INTO DETALLE_ANEXO (ID_DETALLE_ANEXO, ID_RAMO, ID_ANEXO, NOMBRE_DETALLE_ANEXO) VALUES (316, 22, 8, ' 109 ALMACENAJE DE MATERIAL DE CONSTRUCCIÓN');
INSERT INTO DETALLE_ANEXO (ID_DETALLE_ANEXO, ID_RAMO, ID_ANEXO, NOMBRE_DETALLE_ANEXO) VALUES (317, 22, 8, ' 110 MEDIDAS DE SEGURIDAD');
INSERT INTO DETALLE_ANEXO (ID_DETALLE_ANEXO, ID_RAMO, ID_ANEXO, NOMBRE_DETALLE_ANEXO) VALUES (318, 22, 8, ' 112 EQUIPOS EXTINTORES DE INCENDIOS');
INSERT INTO DETALLE_ANEXO (ID_DETALLE_ANEXO, ID_RAMO, ID_ANEXO, NOMBRE_DETALLE_ANEXO) VALUES (319, 22, 8, ' 121 CIMENTACIONES DE PILOTAJE');
INSERT INTO DETALLE_ANEXO (ID_DETALLE_ANEXO, ID_RAMO, ID_ANEXO, NOMBRE_DETALLE_ANEXO) VALUES (320, 22, 8, ' 206 CONDICIONES ESPECIALES PARA EQUIPOS EXTINTORES DE INCENDIO');
INSERT INTO DETALLE_ANEXO (ID_DETALLE_ANEXO, ID_RAMO, ID_ANEXO, NOMBRE_DETALLE_ANEXO) VALUES (321, 22, 8, ' 207 CAMPAMENTOS Y ALMACENES DE MATERIALES DE CONSTRUCCIÓN ');
INSERT INTO DETALLE_ANEXO (ID_DETALLE_ANEXO, ID_RAMO, ID_ANEXO, NOMBRE_DETALLE_ANEXO) VALUES (322, 22, 8, ' 221 MEDIDAS DE SEGURIDAD');

--Todo Riesgo Contratista -Clausulas Adicionles 
INSERT INTO DETALLE_ANEXO (ID_DETALLE_ANEXO, ID_RAMO, ID_ANEXO, NOMBRE_DETALLE_ANEXO) VALUES (323, 22, 1, ' CLAUSULA DE 72 HORAS');
INSERT INTO DETALLE_ANEXO (ID_DETALLE_ANEXO, ID_RAMO, ID_ANEXO, NOMBRE_DETALLE_ANEXO) VALUES (324, 22, 1, ' AVISO DE CANCELACIÓN');
INSERT INTO DETALLE_ANEXO (ID_DETALLE_ANEXO, ID_RAMO, ID_ANEXO, NOMBRE_DETALLE_ANEXO) VALUES (325, 22, 1, ' AVISO DE SINIESTRO');
INSERT INTO DETALLE_ANEXO (ID_DETALLE_ANEXO, ID_RAMO, ID_ANEXO, NOMBRE_DETALLE_ANEXO) VALUES (326, 22, 1, ' PAGO DE PRIMA');
INSERT INTO DETALLE_ANEXO (ID_DETALLE_ANEXO, ID_RAMO, ID_ANEXO, NOMBRE_DETALLE_ANEXO) VALUES (327, 22, 1, ' ADHESIÓN');

--SOAT
--Coberturas SOAT 
INSERT INTO DETALLE_ANEXO (ID_DETALLE_ANEXO, ID_RAMO, ID_ANEXO, NOMBRE_DETALLE_ANEXO) VALUES (328, 21, 2, ' MUERTE');
INSERT INTO DETALLE_ANEXO (ID_DETALLE_ANEXO, ID_RAMO, ID_ANEXO, NOMBRE_DETALLE_ANEXO) VALUES (329, 21, 2, ' INVALIDEZ PERMANENTE TOTAL O PARCIAL ');
INSERT INTO DETALLE_ANEXO (ID_DETALLE_ANEXO, ID_RAMO, ID_ANEXO, NOMBRE_DETALLE_ANEXO) VALUES (330, 21, 2, ' GASTOS MEDICOS');
INSERT INTO DETALLE_ANEXO (ID_DETALLE_ANEXO, ID_RAMO, ID_ANEXO, NOMBRE_DETALLE_ANEXO) VALUES (331, 21, 2, ' GASTOS FUNERARIOS');
INSERT INTO DETALLE_ANEXO (ID_DETALLE_ANEXO, ID_RAMO, ID_ANEXO, NOMBRE_DETALLE_ANEXO) VALUES (332, 21, 2, ' GASTOS DE TRANSPORTE Y MOVILIZACION DE VICTIMAS');

--ROTURA DE MAQUINARIA
--Rotura de Maquinaria - Cobertura 
INSERT INTO DETALLE_ANEXO (ID_DETALLE_ANEXO, ID_RAMO, ID_ANEXO, NOMBRE_DETALLE_ANEXO) VALUES (333, 20, 2, ' TODO RIESGO ');

--Rotura de Maquinaria - Coberturas Adicionales 
INSERT INTO DETALLE_ANEXO (ID_DETALLE_ANEXO, ID_RAMO, ID_ANEXO, NOMBRE_DETALLE_ANEXO) VALUES (334, 20, 6, ' TODO RIESGO ');
INSERT INTO DETALLE_ANEXO (ID_DETALLE_ANEXO, ID_RAMO, ID_ANEXO, NOMBRE_DETALLE_ANEXO) VALUES (335, 20, 6, ' FLETE AÉREO ');

--Rotura de Maquinaria - Clausulas Adicionales
INSERT INTO DETALLE_ANEXO (ID_DETALLE_ANEXO, ID_RAMO, ID_ANEXO, NOMBRE_DETALLE_ANEXO) VALUES (336, 20, 1, ' RESTITUCIÓN AUTOMÁTICA DE SUMA ASEGURADA ');
INSERT INTO DETALLE_ANEXO (ID_DETALLE_ANEXO, ID_RAMO, ID_ANEXO, NOMBRE_DETALLE_ANEXO) VALUES (337, 20, 1, ' TRASLADO TEMPORAL ÚNICAMENTE PARA REPARACIONES, SE EXCLUYE TRANSPORTE Y HURTO  ');
INSERT INTO DETALLE_ANEXO (ID_DETALLE_ANEXO, ID_RAMO, ID_ANEXO, NOMBRE_DETALLE_ANEXO) VALUES (338, 20, 1, ' SALVAMENTO ');
INSERT INTO DETALLE_ANEXO (ID_DETALLE_ANEXO, ID_RAMO, ID_ANEXO, NOMBRE_DETALLE_ANEXO) VALUES (339, 20, 1, ' PAGO DE PRIMAS ');
INSERT INTO DETALLE_ANEXO (ID_DETALLE_ANEXO, ID_RAMO, ID_ANEXO, NOMBRE_DETALLE_ANEXO) VALUES (340, 20, 1, ' NO CANCELACIÓN INDIVIDUAL DE LA PÓLIZA ');
INSERT INTO DETALLE_ANEXO (ID_DETALLE_ANEXO, ID_RAMO, ID_ANEXO, NOMBRE_DETALLE_ANEXO) VALUES (341, 20, 1, ' AVISO DE SINIESTRO ');
INSERT INTO DETALLE_ANEXO (ID_DETALLE_ANEXO, ID_RAMO, ID_ANEXO, NOMBRE_DETALLE_ANEXO) VALUES (342, 20, 1, ' CANCELACIÓN DE LA PÓLIZA ');
INSERT INTO DETALLE_ANEXO (ID_DETALLE_ANEXO, ID_RAMO, ID_ANEXO, NOMBRE_DETALLE_ANEXO) VALUES (343, 20, 1, ' ADHESIÓN ');
INSERT INTO DETALLE_ANEXO (ID_DETALLE_ANEXO, ID_RAMO, ID_ANEXO, NOMBRE_DETALLE_ANEXO) VALUES (344, 20, 1, ' REPARACIONES INMEDIATAS  PREVIA AUTORIZACIÓN DE LA COMPAÑÍA  ');
INSERT INTO DETALLE_ANEXO (ID_DETALLE_ANEXO, ID_RAMO, ID_ANEXO, NOMBRE_DETALLE_ANEXO) VALUES (345, 20, 1, ' DESIGNACIÓN DE BIENES ');
INSERT INTO DETALLE_ANEXO (ID_DETALLE_ANEXO, ID_RAMO, ID_ANEXO, NOMBRE_DETALLE_ANEXO) VALUES (346, 20, 1, ' DESTRUCCIÓN PREVENTIVA PREVIA AUTORIZACIÓN DE LA COMPAÑÍA ');
INSERT INTO DETALLE_ANEXO (ID_DETALLE_ANEXO, ID_RAMO, ID_ANEXO, NOMBRE_DETALLE_ANEXO) VALUES (347, 20, 1, ' CANCELACIÓN A PRORRATA POR FUERZA MAYOR ');
INSERT INTO DETALLE_ANEXO (ID_DETALLE_ANEXO, ID_RAMO, ID_ANEXO, NOMBRE_DETALLE_ANEXO) VALUES (348, 20, 1, ' EXTENSIÓN DE VIGENCIA 30 DÍAS');
INSERT INTO DETALLE_ANEXO (ID_DETALLE_ANEXO, ID_RAMO, ID_ANEXO, NOMBRE_DETALLE_ANEXO) VALUES (349, 20, 1, ' PROTECCIONES PARTICULARES ');
INSERT INTO DETALLE_ANEXO (ID_DETALLE_ANEXO, ID_RAMO, ID_ANEXO, NOMBRE_DETALLE_ANEXO) VALUES (350, 20, 1, ' CLAUSULA DE MANTENIMIENTO PREVENTIVO ');
INSERT INTO DETALLE_ANEXO (ID_DETALLE_ANEXO, ID_RAMO, ID_ANEXO, NOMBRE_DETALLE_ANEXO) VALUES (351, 20, 1, ' AJUSTADORES DE MUTUO ACUERDO ');
INSERT INTO DETALLE_ANEXO (ID_DETALLE_ANEXO, ID_RAMO, ID_ANEXO, NOMBRE_DETALLE_ANEXO) VALUES (352, 20, 1, ' AMPARO AUTOMÁTICO PARA MAQUINARIAS Y EQUIPOS ');
INSERT INTO DETALLE_ANEXO (ID_DETALLE_ANEXO, ID_RAMO, ID_ANEXO, NOMBRE_DETALLE_ANEXO) VALUES (353, 20, 1, ' COBERTURA AUTOMÁTICA PARA EQUIPOS, MAQUINAS Y SUS PARTES EN SUSTITUCIÓN DE OTRAS SINIESTRADAS ');
INSERT INTO DETALLE_ANEXO (ID_DETALLE_ANEXO, ID_RAMO, ID_ANEXO, NOMBRE_DETALLE_ANEXO) VALUES (354, 20, 1, ' COBERTURA PARA ACEITES LUBRICANTES Y REFRIGERANTES ');
INSERT INTO DETALLE_ANEXO (ID_DETALLE_ANEXO, ID_RAMO, ID_ANEXO, NOMBRE_DETALLE_ANEXO) VALUES (355, 20, 1, ' COBERTURA PARA CIMENTACIONES ');
INSERT INTO DETALLE_ANEXO (ID_DETALLE_ANEXO, ID_RAMO, ID_ANEXO, NOMBRE_DETALLE_ANEXO) VALUES (356, 20, 1, ' COBERTURA PARA CADENAS, CORREAS Y BANDAS TRANSPORTADORAS ');
INSERT INTO DETALLE_ANEXO (ID_DETALLE_ANEXO, ID_RAMO, ID_ANEXO, NOMBRE_DETALLE_ANEXO) VALUES (357, 20, 1, ' GASTOS ADICIONALES, HORAS EXTRAS, TRABAJO NOCTURNO Y EN DÍAS FESTIVOS; FLETE EXPRESO Y/O AÉREO ');
INSERT INTO DETALLE_ANEXO (ID_DETALLE_ANEXO, ID_RAMO, ID_ANEXO, NOMBRE_DETALLE_ANEXO) VALUES (358, 20, 1, ' HONORARIOS, GASTOS DE VIAJE Y ESTADÍA DE TÉCNICOS Y PROFESIONALES  ');
INSERT INTO DETALLE_ANEXO (ID_DETALLE_ANEXO, ID_RAMO, ID_ANEXO, NOMBRE_DETALLE_ANEXO) VALUES (359, 20, 1, ' INTERÉS ASEGURABLE DIVERSO ');
INSERT INTO DETALLE_ANEXO (ID_DETALLE_ANEXO, ID_RAMO, ID_ANEXO, NOMBRE_DETALLE_ANEXO) VALUES (360, 20, 1, ' INTERÉS ASEGURADO EN PROPIEDAD DE TERCEROS ');
INSERT INTO DETALLE_ANEXO (ID_DETALLE_ANEXO, ID_RAMO, ID_ANEXO, NOMBRE_DETALLE_ANEXO) VALUES (361, 20, 1, ' LIBRE CIRCULACIÓN ');
INSERT INTO DETALLE_ANEXO (ID_DETALLE_ANEXO, ID_RAMO, ID_ANEXO, NOMBRE_DETALLE_ANEXO) VALUES (362, 20, 1, '  MATERIALES REFRACTARIOS DE HORNOS Y CALDERAS  ');
INSERT INTO DETALLE_ANEXO (ID_DETALLE_ANEXO, ID_RAMO, ID_ANEXO, NOMBRE_DETALLE_ANEXO) VALUES (363, 20, 1, ' MAQUINARIA Y EQUIPO BAJO TIERRA ');
INSERT INTO DETALLE_ANEXO (ID_DETALLE_ANEXO, ID_RAMO, ID_ANEXO, NOMBRE_DETALLE_ANEXO) VALUES (364, 20, 1, ' PAR Y JUEGO  ');
INSERT INTO DETALLE_ANEXO (ID_DETALLE_ANEXO, ID_RAMO, ID_ANEXO, NOMBRE_DETALLE_ANEXO) VALUES (365, 20, 1, ' PÉRDIDA DE CONTENIDO ');

--ROBO Y ASALTO 
--Robo y Asalto - Coberturas
INSERT INTO DETALLE_ANEXO (ID_DETALLE_ANEXO, ID_RAMO, ID_ANEXO, NOMBRE_DETALLE_ANEXO) VALUES (366, 19, 2, ' ROBO Y/O ASALTO A PRIMER RIESGO RELATIVO, INCLUYENDO VIOLENCIA Y/O AMENAZA EN LAS PERSONAS ');
INSERT INTO DETALLE_ANEXO (ID_DETALLE_ANEXO, ID_RAMO, ID_ANEXO, NOMBRE_DETALLE_ANEXO) VALUES (367, 19, 2, ' ROBO Y/O ASALTO A VALOR TOTAL, INCLUYENDO VIOLENCIA Y/O AMENAZA EN LAS PERSONAS ');

--Robo y Asalto - Cobertura adicional 
INSERT INTO DETALLE_ANEXO (ID_DETALLE_ANEXO, ID_RAMO, ID_ANEXO, NOMBRE_DETALLE_ANEXO) VALUES (368, 19, 6, ' HURTO');
INSERT INTO DETALLE_ANEXO (ID_DETALLE_ANEXO, ID_RAMO, ID_ANEXO, NOMBRE_DETALLE_ANEXO) VALUES (369, 19, 6, ' PROPIEDAD DE EMPLEADOS');

--Robo y Asalto - Clausulas Adicionales 
INSERT INTO DETALLE_ANEXO (ID_DETALLE_ANEXO, ID_RAMO, ID_ANEXO, NOMBRE_DETALLE_ANEXO) VALUES (370, 19, 1, ' RESTITUCIÓN AUTOMÁTICA DE SUMA ASEGURADA');
INSERT INTO DETALLE_ANEXO (ID_DETALLE_ANEXO, ID_RAMO, ID_ANEXO, NOMBRE_DETALLE_ANEXO) VALUES (371, 19, 1, ' CANCELACIÓN DE LA PÓLIZA');
INSERT INTO DETALLE_ANEXO (ID_DETALLE_ANEXO, ID_RAMO, ID_ANEXO, NOMBRE_DETALLE_ANEXO) VALUES (372, 19, 1, ' NO CANCELACIÓN INDIVIDUAL DE LA PÓLIZA');
INSERT INTO DETALLE_ANEXO (ID_DETALLE_ANEXO, ID_RAMO, ID_ANEXO, NOMBRE_DETALLE_ANEXO) VALUES (373, 19, 1, ' ADHESIÓN');
INSERT INTO DETALLE_ANEXO (ID_DETALLE_ANEXO, ID_RAMO, ID_ANEXO, NOMBRE_DETALLE_ANEXO) VALUES (374, 19, 1, ' PAGO DE PRIMAS');
INSERT INTO DETALLE_ANEXO (ID_DETALLE_ANEXO, ID_RAMO, ID_ANEXO, NOMBRE_DETALLE_ANEXO) VALUES (375, 19, 1, ' NOTIFICACIÓN DE SINIESTRO');
INSERT INTO DETALLE_ANEXO (ID_DETALLE_ANEXO, ID_RAMO, ID_ANEXO, NOMBRE_DETALLE_ANEXO) VALUES (376, 19, 1, ' REPOSICIÓN O REEMPLAZO.');
INSERT INTO DETALLE_ANEXO (ID_DETALLE_ANEXO, ID_RAMO, ID_ANEXO, NOMBRE_DETALLE_ANEXO) VALUES (377, 19, 1, ' SALVAMENTO');
INSERT INTO DETALLE_ANEXO (ID_DETALLE_ANEXO, ID_RAMO, ID_ANEXO, NOMBRE_DETALLE_ANEXO) VALUES (378, 19, 1, ' NUEVAS PROPIEDADES ');
INSERT INTO DETALLE_ANEXO (ID_DETALLE_ANEXO, ID_RAMO, ID_ANEXO, NOMBRE_DETALLE_ANEXO) VALUES (379, 19, 1, ' CONTABILIDAD Y PRUEBA');
INSERT INTO DETALLE_ANEXO (ID_DETALLE_ANEXO, ID_RAMO, ID_ANEXO, NOMBRE_DETALLE_ANEXO) VALUES (380, 19, 1, ' DESTRUCCIÓN PREVENTIVA');
INSERT INTO DETALLE_ANEXO (ID_DETALLE_ANEXO, ID_RAMO, ID_ANEXO, NOMBRE_DETALLE_ANEXO) VALUES (381, 19, 1, ' TRASLADO TEMPORAL');
INSERT INTO DETALLE_ANEXO (ID_DETALLE_ANEXO, ID_RAMO, ID_ANEXO, NOMBRE_DETALLE_ANEXO) VALUES (382, 19, 1, ' ALTERACIONES Y REPARACIONES');
INSERT INTO DETALLE_ANEXO (ID_DETALLE_ANEXO, ID_RAMO, ID_ANEXO, NOMBRE_DETALLE_ANEXO) VALUES (383, 19, 1, ' AJUSTADORES, LIQUIDADORES Y PERITOS DE MUTUO ACUERDO');
INSERT INTO DETALLE_ANEXO (ID_DETALLE_ANEXO, ID_RAMO, ID_ANEXO, NOMBRE_DETALLE_ANEXO) VALUES (384, 19, 1, ' DESIGNACIÓN DE BIENES');
INSERT INTO DETALLE_ANEXO (ID_DETALLE_ANEXO, ID_RAMO, ID_ANEXO, NOMBRE_DETALLE_ANEXO) VALUES (385, 19, 1, ' INTERESES DE CONTRATISTAS Y SUBCONTRATISTAS');
INSERT INTO DETALLE_ANEXO (ID_DETALLE_ANEXO, ID_RAMO, ID_ANEXO, NOMBRE_DETALLE_ANEXO) VALUES (386, 19, 1, ' AMPARO DE BIENES PROPIOS Y DE TERCEROS BAJO RESPONSABILIDAD HASTA');
INSERT INTO DETALLE_ANEXO (ID_DETALLE_ANEXO, ID_RAMO, ID_ANEXO, NOMBRE_DETALLE_ANEXO) VALUES (387, 19, 1, ' PROPIEDAD DE EJECUTIVOS Y EMPLEADOS HASTA (EXCLUYE JOYAS, DINERO Y VALORES)');
INSERT INTO DETALLE_ANEXO (ID_DETALLE_ANEXO, ID_RAMO, ID_ANEXO, NOMBRE_DETALLE_ANEXO) VALUES (388, 19, 1, ' REPARACIONES INMEDIATAS');
INSERT INTO DETALLE_ANEXO (ID_DETALLE_ANEXO, ID_RAMO, ID_ANEXO, NOMBRE_DETALLE_ANEXO) VALUES (389, 19, 1, ' BIENES A LA INTEMPERIE');
INSERT INTO DETALLE_ANEXO (ID_DETALLE_ANEXO, ID_RAMO, ID_ANEXO, NOMBRE_DETALLE_ANEXO) VALUES (390, 19, 1, ' BIENES EN EXPOSICIÓN O DEMOSTRACIÓN');
INSERT INTO DETALLE_ANEXO (ID_DETALLE_ANEXO, ID_RAMO, ID_ANEXO, NOMBRE_DETALLE_ANEXO) VALUES (391, 19, 1, 'COBERTURA AUTOMÁTICA PARA EQUIPOS, MÁQUINAS Y SUS PARTES EN SUSTITUCIÓN DE OTRAS SINIESTRADAS ');
INSERT INTO DETALLE_ANEXO (ID_DETALLE_ANEXO, ID_RAMO, ID_ANEXO, NOMBRE_DETALLE_ANEXO) VALUES (392, 19, 1, ' INTERÉS ASEGURABLE DIVERSO');
INSERT INTO DETALLE_ANEXO (ID_DETALLE_ANEXO, ID_RAMO, ID_ANEXO, NOMBRE_DETALLE_ANEXO) VALUES (393, 19, 1, ' LIBRE CIRCULACIÓN');
INSERT INTO DETALLE_ANEXO (ID_DETALLE_ANEXO, ID_RAMO, ID_ANEXO, NOMBRE_DETALLE_ANEXO) VALUES (394, 19, 1, ' PAR Y JUEGO ');
INSERT INTO DETALLE_ANEXO (ID_DETALLE_ANEXO, ID_RAMO, ID_ANEXO, NOMBRE_DETALLE_ANEXO) VALUES (395, 19, 1, ' PRIMERA OPCIÓN DE COMPRA');
INSERT INTO DETALLE_ANEXO (ID_DETALLE_ANEXO, ID_RAMO, ID_ANEXO, NOMBRE_DETALLE_ANEXO) VALUES (396, 19, 1, ' SELLOS Y MARCAS ');

--Robo y Asalto - Condiciones Especiales 
INSERT INTO DETALLE_ANEXO (ID_DETALLE_ANEXO, ID_RAMO, ID_ANEXO, ID_TITULO, NOMBRE_DETALLE_ANEXO) VALUES (397, 19, 3,18, ' Se entenderá toda la maquinaria, equipos, instalaciones, accesorios, conexiones y cualquier sistema propio de la maquinaria, tanques de almacenamiento y sus instalaciones y en general todo elemento perteneciente a maquinaria aunque no se haya determinado específicamente de propiedad del asegurado o por los que sea responsable ubicados en cualquier parte de los predios asegurados y de acuerdo a la designación de bienes del asegurado.');
INSERT INTO DETALLE_ANEXO (ID_DETALLE_ANEXO, ID_RAMO, ID_ANEXO, ID_TITULO, NOMBRE_DETALLE_ANEXO) VALUES (398, 19, 3,19, ' Muebles, enseres, equipos y bienes de oficina y de las diferentes dependencias; mejoras locativas; aunque no se haya determinado específicamente de propiedad del asegurado o por los que sea responsable ubicados en cualquier parte de los predios asegurados y de acuerdo a la designación de bienes del asegurado.');
INSERT INTO DETALLE_ANEXO (ID_DETALLE_ANEXO, ID_RAMO, ID_ANEXO, ID_TITULO, NOMBRE_DETALLE_ANEXO) VALUES (399, 19, 3,20, ' Se entenderá entre otros todas las materias primas, productos en proceso y terminados, materiales, repuestos, suministros, lubricantes y en general todo activo sujeto a variación de inventarios no considerados en los activos fijos y de acuerdo a la designación de bienes del asegurado, aunque no sean mencionados específicamente de propiedad del asegurado y por los que fuera responsable, ubicados en cualquier parte de los predios asegurados.');

--RESPONSABILIDAD CIVIL
--Responsabildad Civil - Coberturas
INSERT INTO DETALLE_ANEXO (ID_DETALLE_ANEXO, ID_RAMO, ID_ANEXO, NOMBRE_DETALLE_ANEXO) VALUES (400, 17, 2, ' PREDIOS, LABORES Y OPERACIONES ');
INSERT INTO DETALLE_ANEXO (ID_DETALLE_ANEXO, ID_RAMO, ID_ANEXO, NOMBRE_DETALLE_ANEXO) VALUES (401, 17, 2, ' RESPONSABILIDAD CIVIL PATRONAL ');
INSERT INTO DETALLE_ANEXO (ID_DETALLE_ANEXO, ID_RAMO, ID_ANEXO, NOMBRE_DETALLE_ANEXO) VALUES (402, 17, 2, ' RESPONSABILIDAD CIVIL CONTRATISTAS Y SUBCONTRATISTAS');
INSERT INTO DETALLE_ANEXO (ID_DETALLE_ANEXO, ID_RAMO, ID_ANEXO, NOMBRE_DETALLE_ANEXO) VALUES (403, 17, 2, ' RESPONSABILIDAD CIVIL CRUZADA ');
INSERT INTO DETALLE_ANEXO (ID_DETALLE_ANEXO, ID_RAMO, ID_ANEXO, NOMBRE_DETALLE_ANEXO) VALUES (404, 17, 2, ' CONTAMINACIÓN SÚBITA Y ACCIDENTAL');
INSERT INTO DETALLE_ANEXO (ID_DETALLE_ANEXO, ID_RAMO, ID_ANEXO, NOMBRE_DETALLE_ANEXO) VALUES (405, 17, 2, ' RESPONSABILIDAD CIVIL PRODUCTOS ');
INSERT INTO DETALLE_ANEXO (ID_DETALLE_ANEXO, ID_RAMO, ID_ANEXO, NOMBRE_DETALLE_ANEXO) VALUES (406, 17, 2, ' TRANSPORTE CON CARGA Y DESCARGA ');
INSERT INTO DETALLE_ANEXO (ID_DETALLE_ANEXO, ID_RAMO, ID_ANEXO, NOMBRE_DETALLE_ANEXO) VALUES (407, 17, 2, ' USO DE ASCENSORES Y ESCALERAS AUTOMÁTICAS ');
INSERT INTO DETALLE_ANEXO (ID_DETALLE_ANEXO, ID_RAMO, ID_ANEXO, NOMBRE_DETALLE_ANEXO) VALUES (408, 17, 2, ' VEHÍCULOS Y EQUIPOS MÓVILES PROPIOS Y NO PROPIOS ');
INSERT INTO DETALLE_ANEXO (ID_DETALLE_ANEXO, ID_RAMO, ID_ANEXO, NOMBRE_DETALLE_ANEXO) VALUES (409, 17, 2, ' INCENDIO Y EXPLOSIÓN ');
INSERT INTO DETALLE_ANEXO (ID_DETALLE_ANEXO, ID_RAMO, ID_ANEXO, NOMBRE_DETALLE_ANEXO) VALUES (410, 17, 2, ' CELADORES Y VIGILANTES ');
INSERT INTO DETALLE_ANEXO (ID_DETALLE_ANEXO, ID_RAMO, ID_ANEXO, NOMBRE_DETALLE_ANEXO) VALUES (411, 17, 2, ' CAFETERÍAS, RESTAURANTES, COMEDORES, BARES ');
INSERT INTO DETALLE_ANEXO (ID_DETALLE_ANEXO, ID_RAMO, ID_ANEXO, NOMBRE_DETALLE_ANEXO) VALUES (412, 17, 2, ' BIENES BAJO CUIDADO, TENENCIA Y CONTROL ');
INSERT INTO DETALLE_ANEXO (ID_DETALLE_ANEXO, ID_RAMO, ID_ANEXO, NOMBRE_DETALLE_ANEXO) VALUES (413, 17, 2, ' AVISOS Y LETREROS ');
INSERT INTO DETALLE_ANEXO (ID_DETALLE_ANEXO, ID_RAMO, ID_ANEXO, NOMBRE_DETALLE_ANEXO) VALUES (414, 17, 2, ' ACTIVIDADES SOCIALES Y DEPORTIVAS ');

--Responsabilidad Civil - Clausulas Adicionales
INSERT INTO DETALLE_ANEXO (ID_DETALLE_ANEXO, ID_RAMO, ID_ANEXO, NOMBRE_DETALLE_ANEXO) VALUES (415, 17, 1, ' PAGO DE PRIMAS ');
INSERT INTO DETALLE_ANEXO (ID_DETALLE_ANEXO, ID_RAMO, ID_ANEXO, NOMBRE_DETALLE_ANEXO) VALUES (416, 17, 1, ' CANCELACION DE LA PÓLIZA ');
INSERT INTO DETALLE_ANEXO (ID_DETALLE_ANEXO, ID_RAMO, ID_ANEXO, NOMBRE_DETALLE_ANEXO) VALUES (417, 17, 1, ' NO CANCELACION INDIVIDUAL DE LA PÓLIZA ');
INSERT INTO DETALLE_ANEXO (ID_DETALLE_ANEXO, ID_RAMO, ID_ANEXO, NOMBRE_DETALLE_ANEXO) VALUES (418, 17, 1, ' NOTIFICACIÓN DEL SINIESTRO');
INSERT INTO DETALLE_ANEXO (ID_DETALLE_ANEXO, ID_RAMO, ID_ANEXO, NOMBRE_DETALLE_ANEXO) VALUES (419, 17, 1, ' ADHESION ');

--LUCRO CESANTE INCENDIO LINEAS ALIADAS
--Lucro Cesantea Incendio Lineas Alidas - Coberturas 
INSERT INTO DETALLE_ANEXO (ID_DETALLE_ANEXO, ID_RAMO, ID_ANEXO, NOMBRE_DETALLE_ANEXO) VALUES (420, 16, 2, ' CUBRE LA PÉRDIDA DE UTILIDAD QUE RESULTE DIRECTAMENTE DE LA INTERRUPCION NECESARIA DEL NEGOCIO, POR LOS DAÑOS OCASIONADOS POR CUALQUIER EVENTO AMPARADO EN LA PÓLIZA DE INCENDIO No ');
INSERT INTO DETALLE_ANEXO (ID_DETALLE_ANEXO, ID_RAMO, ID_ANEXO, NOMBRE_DETALLE_ANEXO) VALUES (421, 16, 2, ' PERIODO DE INDEMNIZACION  ');

--Lucro Cesante Incendio Lineas Aliadas - Clausulas Adicionales 
INSERT INTO DETALLE_ANEXO (ID_DETALLE_ANEXO, ID_RAMO, ID_ANEXO, NOMBRE_DETALLE_ANEXO) VALUES (422, 16, 1, ' COBERTURA DE PISCINAS Y CISTERNAS');
INSERT INTO DETALLE_ANEXO (ID_DETALLE_ANEXO, ID_RAMO, ID_ANEXO, NOMBRE_DETALLE_ANEXO) VALUES (423, 16, 1, ' PAGO DE PRIMAS ');
INSERT INTO DETALLE_ANEXO (ID_DETALLE_ANEXO, ID_RAMO, ID_ANEXO, NOMBRE_DETALLE_ANEXO) VALUES (424, 16, 1, ' CANCELACIÓN DE LA PÓLIZA ');
INSERT INTO DETALLE_ANEXO (ID_DETALLE_ANEXO, ID_RAMO, ID_ANEXO, NOMBRE_DETALLE_ANEXO) VALUES (425, 16, 1, ' NO CANCELACIÓN INDIVIDUAL ');
INSERT INTO DETALLE_ANEXO (ID_DETALLE_ANEXO, ID_RAMO, ID_ANEXO, NOMBRE_DETALLE_ANEXO) VALUES (426, 16, 1, ' AVISO DE SINIESTRO ');
INSERT INTO DETALLE_ANEXO (ID_DETALLE_ANEXO, ID_RAMO, ID_ANEXO, NOMBRE_DETALLE_ANEXO) VALUES (427, 16, 1, ' RESTITUCIÓN AUTOMÁTICA DE SUMA ASEGURADA ');
INSERT INTO DETALLE_ANEXO (ID_DETALLE_ANEXO, ID_RAMO, ID_ANEXO, NOMBRE_DETALLE_ANEXO) VALUES (428, 16, 1, ' AMPARO AUTOMÁTICO DE NUEVAS PROPIEDAD ');
INSERT INTO DETALLE_ANEXO (ID_DETALLE_ANEXO, ID_RAMO, ID_ANEXO, NOMBRE_DETALLE_ANEXO) VALUES (429, 16, 1, ' AMPARO AUTOMÁTICO DE NUEVOS PREDIOS ');
INSERT INTO DETALLE_ANEXO (ID_DETALLE_ANEXO, ID_RAMO, ID_ANEXO, NOMBRE_DETALLE_ANEXO) VALUES (430, 16, 1, ' DESIGNACIÓN DE BIENES ');
INSERT INTO DETALLE_ANEXO (ID_DETALLE_ANEXO, ID_RAMO, ID_ANEXO, NOMBRE_DETALLE_ANEXO) VALUES (431, 16, 1, ' TRASLADO TEMPORAL ');
INSERT INTO DETALLE_ANEXO (ID_DETALLE_ANEXO, ID_RAMO, ID_ANEXO, NOMBRE_DETALLE_ANEXO) VALUES (432, 16, 1, ' ADHESIÓN ');
INSERT INTO DETALLE_ANEXO (ID_DETALLE_ANEXO, ID_RAMO, ID_ANEXO, NOMBRE_DETALLE_ANEXO) VALUES (433, 16, 1, ' CONTABILIDAD Y PRUEBA ');
INSERT INTO DETALLE_ANEXO (ID_DETALLE_ANEXO, ID_RAMO, ID_ANEXO, NOMBRE_DETALLE_ANEXO) VALUES (434, 16, 1, ' REPOSICIÓN O REEMPLAZO. ');
INSERT INTO DETALLE_ANEXO (ID_DETALLE_ANEXO, ID_RAMO, ID_ANEXO, NOMBRE_DETALLE_ANEXO) VALUES (435, 16, 1, ' SALVAMENTO ');
INSERT INTO DETALLE_ANEXO (ID_DETALLE_ANEXO, ID_RAMO, ID_ANEXO, NOMBRE_DETALLE_ANEXO) VALUES (436, 16, 1, ' REPARACIONES INMEDIATAS, PREVIA AUTORIZACIÓN DE LA COMPAÑÍA DE SEGUROS ');
INSERT INTO DETALLE_ANEXO (ID_DETALLE_ANEXO, ID_RAMO, ID_ANEXO, NOMBRE_DETALLE_ANEXO) VALUES (437, 16, 1, ' DESTRUCCIÓN PREVENTIVA ');
INSERT INTO DETALLE_ANEXO (ID_DETALLE_ANEXO, ID_RAMO, ID_ANEXO, NOMBRE_DETALLE_ANEXO) VALUES (438, 16, 1, ' PROTECCIONES PARTICULARES ');
INSERT INTO DETALLE_ANEXO (ID_DETALLE_ANEXO, ID_RAMO, ID_ANEXO, NOMBRE_DETALLE_ANEXO) VALUES (439, 16, 1, ' ALTERACIONES Y REPARACIONES, PREVIA AUTORIZACIÓN DE LA COMPAÑÍA DE SEGUROS ');
INSERT INTO DETALLE_ANEXO (ID_DETALLE_ANEXO, ID_RAMO, ID_ANEXO, NOMBRE_DETALLE_ANEXO) VALUES (440, 16, 1, ' INTERÉS DE CONTRATISTAS Y SUBCONTRATISTAS ');
INSERT INTO DETALLE_ANEXO (ID_DETALLE_ANEXO, ID_RAMO, ID_ANEXO, NOMBRE_DETALLE_ANEXO) VALUES (441, 16, 1, ' AJUSTADORES Y PERITOS DE MUTUO ACUERDO ');
INSERT INTO DETALLE_ANEXO (ID_DETALLE_ANEXO, ID_RAMO, ID_ANEXO, NOMBRE_DETALLE_ANEXO) VALUES (442, 16, 1, ' AMPARO DE BIENES PROPIOS Y/O DE TERCEROS BAJO SU RESPONSABILIDAD HASTA ');
INSERT INTO DETALLE_ANEXO (ID_DETALLE_ANEXO, ID_RAMO, ID_ANEXO, NOMBRE_DETALLE_ANEXO) VALUES (443, 16, 1, ' PROPIEDADES DE EJECUTIVOS Y EMPLEADOS HASTA (EXCLUYE JOYAS, DINERO  Y VALORES) ');
INSERT INTO DETALLE_ANEXO (ID_DETALLE_ANEXO, ID_RAMO, ID_ANEXO, NOMBRE_DETALLE_ANEXO) VALUES (444, 16, 1, ' BIENES A LA INTEMPERIE ');
INSERT INTO DETALLE_ANEXO (ID_DETALLE_ANEXO, ID_RAMO, ID_ANEXO, NOMBRE_DETALLE_ANEXO) VALUES (445, 16, 1, ' BIENES EN EXPOSICIÓN O DEMOSTRACIÓN ');
INSERT INTO DETALLE_ANEXO (ID_DETALLE_ANEXO, ID_RAMO, ID_ANEXO, NOMBRE_DETALLE_ANEXO) VALUES (446, 16, 1, ' BILLARES (Para pólizas que aseguran estos bienes) ');
INSERT INTO DETALLE_ANEXO (ID_DETALLE_ANEXO, ID_RAMO, ID_ANEXO, NOMBRE_DETALLE_ANEXO) VALUES (447, 16, 1, ' CLÁUSULA PARA HORNOS (Para pólizas que aseguran estos bienes) ');
INSERT INTO DETALLE_ANEXO (ID_DETALLE_ANEXO, ID_RAMO, ID_ANEXO, NOMBRE_DETALLE_ANEXO) VALUES (448, 16, 1, ' COBERTURA AUTOMÁTICA PARA EQUIPOS, MAQUINAS Y SUS PARTES EN SUSTITUCIÓN DE OTRAS SINIESTRADAS ');
INSERT INTO DETALLE_ANEXO (ID_DETALLE_ANEXO, ID_RAMO, ID_ANEXO, NOMBRE_DETALLE_ANEXO) VALUES (449, 16, 1, ' COMBUSTIBLES, LUBRICANTES Y EXPLOSIVOS ');
INSERT INTO DETALLE_ANEXO (ID_DETALLE_ANEXO, ID_RAMO, ID_ANEXO, NOMBRE_DETALLE_ANEXO) VALUES (450, 16, 1, ' EXTINTORES ');
INSERT INTO DETALLE_ANEXO (ID_DETALLE_ANEXO, ID_RAMO, ID_ANEXO, NOMBRE_DETALLE_ANEXO) VALUES (451, 16, 1, ' FLOTANTE DE INCENDIO (Cuando se asegura Mercaderías) ');
INSERT INTO DETALLE_ANEXO (ID_DETALLE_ANEXO, ID_RAMO, ID_ANEXO, NOMBRE_DETALLE_ANEXO) VALUES (452, 16, 1, ' INTERÉS ASEGURABLE DIVERSO  ');
INSERT INTO DETALLE_ANEXO (ID_DETALLE_ANEXO, ID_RAMO, ID_ANEXO, NOMBRE_DETALLE_ANEXO) VALUES (453, 16, 1, ' INTERÉS ASEGURADO EN PROPIEDAD DE TERCEROS ');
INSERT INTO DETALLE_ANEXO (ID_DETALLE_ANEXO, ID_RAMO, ID_ANEXO, NOMBRE_DETALLE_ANEXO) VALUES (454, 16, 1, ' LIBRE CIRCULACIÓN  ');
INSERT INTO DETALLE_ANEXO (ID_DETALLE_ANEXO, ID_RAMO, ID_ANEXO, NOMBRE_DETALLE_ANEXO) VALUES (455, 16, 1, ' MATERIALES IMPORTADOS ');
INSERT INTO DETALLE_ANEXO (ID_DETALLE_ANEXO, ID_RAMO, ID_ANEXO, NOMBRE_DETALLE_ANEXO) VALUES (456, 16, 1, ' MERCADERÍAS EN PROPIEDAD DE TERCEROS ');
INSERT INTO DETALLE_ANEXO (ID_DETALLE_ANEXO, ID_RAMO, ID_ANEXO, NOMBRE_DETALLE_ANEXO) VALUES (457, 16, 1, ' PROPIEDAD HORIZONTAL (para edificios que tengan condóminos) ');
INSERT INTO DETALLE_ANEXO (ID_DETALLE_ANEXO, ID_RAMO, ID_ANEXO, NOMBRE_DETALLE_ANEXO) VALUES (458, 16, 1, ' PAR Y JUEGO  ');
INSERT INTO DETALLE_ANEXO (ID_DETALLE_ANEXO, ID_RAMO, ID_ANEXO, NOMBRE_DETALLE_ANEXO) VALUES (459, 16, 1, ' PROPIEDAD HORIZONTAL (para edificios que tengan condóminos) ');
INSERT INTO DETALLE_ANEXO (ID_DETALLE_ANEXO, ID_RAMO, ID_ANEXO, NOMBRE_DETALLE_ANEXO) VALUES (460, 16, 1, ' PROPIEDAD PERSONAL ');
INSERT INTO DETALLE_ANEXO (ID_DETALLE_ANEXO, ID_RAMO, ID_ANEXO, NOMBRE_DETALLE_ANEXO) VALUES (461, 16, 1, ' ROBO A CONSECUENCIA DE SINIESTRO ');