-- TABLA CATALOGO
INSERT INTO CATALOGO (DESCRIPCION) VALUES ('Tipo de Persona');
INSERT INTO CATALOGO (DESCRIPCION) VALUES ('Tipo de Identificación');
INSERT INTO CATALOGO (DESCRIPCION) VALUES ('Derechos de Emisión');
INSERT INTO CATALOGO (DESCRIPCION) VALUES ('Formas de Pago');
INSERT INTO CATALOGO (DESCRIPCION) VALUES ('Tarjetas de Credito');
INSERT INTO CATALOGO (DESCRIPCION) VALUES ('Sector');
INSERT INTO CATALOGO (DESCRIPCION) VALUES ('Forma Seguro');
INSERT INTO CATALOGO (DESCRIPCION) VALUES ('Clase Embarcación');
INSERT INTO CATALOGO (DESCRIPCION) VALUES ('Zona Navegación');
INSERT INTO CATALOGO (DESCRIPCION) VALUES ('Modalidad Fidelidad');
INSERT INTO CATALOGO (DESCRIPCION) VALUES ('Tipo Vehiculo SOAT');
INSERT INTO CATALOGO (DESCRIPCION) VAlUES ('Tipo Soat');
INSERT INTO CATALOGO (DESCRIPCION) VAlUES ('Medio de Transporte');
INSERT INTO CATALOGO (DESCRIPCION) VAlUES ('Tipo Vehiculo');
INSERT INTO CATALOGO (DESCRIPCION) VAlUES ('Clase Vehiculo');
INSERT INTO CATALOGO (DESCRIPCION) VAlUES ('Uso de Vehiculo');
INSERT INTO CATALOGO (DESCRIPCION) VAlUES ('Transporte');
INSERT INTO CATALOGO (DESCRIPCION) VAlUES ('Marcas');
INSERT INTO CATALOGO (DESCRIPCION) VAlUES ('Modelos');

-- TABLA DETALLE CATALOGO
-- Tipo de Persona
INSERT INTO DETALLE_CATALOGO (ID_CATALOGO, COD_DETALLE_CATALOGO, DESCRIPCION) VALUES (1, '1', 'Natural');
INSERT INTO DETALLE_CATALOGO (ID_CATALOGO, COD_DETALLE_CATALOGO, DESCRIPCION) VALUES (1, '2', 'Juridica');
-- Tipo de IdentificaciÛn
INSERT INTO DETALLE_CATALOGO (ID_CATALOGO, COD_DETALLE_CATALOGO, DESCRIPCION) VALUES (2, '1', 'Cédula');
INSERT INTO DETALLE_CATALOGO (ID_CATALOGO, COD_DETALLE_CATALOGO, DESCRIPCION) VALUES (2, '2', 'RUC');
INSERT INTO DETALLE_CATALOGO (ID_CATALOGO, COD_DETALLE_CATALOGO, DESCRIPCION) VALUES (2, '3', 'Pasaporte');
-- Derechos de Emisión
INSERT INTO DETALLE_CATALOGO (ID_CATALOGO, COD_DETALLE_CATALOGO, DESCRIPCION) VALUES (3, '1', '$0.5');
INSERT INTO DETALLE_CATALOGO (ID_CATALOGO, COD_DETALLE_CATALOGO, DESCRIPCION) VALUES (3, '2', '$1.00');
INSERT INTO DETALLE_CATALOGO (ID_CATALOGO, COD_DETALLE_CATALOGO, DESCRIPCION) VALUES (3, '3', '$3.00');
INSERT INTO DETALLE_CATALOGO (ID_CATALOGO, COD_DETALLE_CATALOGO, DESCRIPCION) VALUES (3, '4', '$5.00');
INSERT INTO DETALLE_CATALOGO (ID_CATALOGO, COD_DETALLE_CATALOGO, DESCRIPCION) VALUES (3, '5', '$7.00');
INSERT INTO DETALLE_CATALOGO (ID_CATALOGO, COD_DETALLE_CATALOGO, DESCRIPCION) VALUES (3, '6', '$9.00');
-- Formas de Pago
INSERT INTO DETALLE_CATALOGO (ID_CATALOGO, COD_DETALLE_CATALOGO, DESCRIPCION) VALUES (4, '1', 'CONTADO');
INSERT INTO DETALLE_CATALOGO (ID_CATALOGO, COD_DETALLE_CATALOGO, DESCRIPCION) VALUES (4, '2', 'FINANCIADO');
INSERT INTO DETALLE_CATALOGO (ID_CATALOGO, COD_DETALLE_CATALOGO, DESCRIPCION) VALUES (4, '3', 'TARJETAS DE CREDITO');
INSERT INTO DETALLE_CATALOGO (ID_CATALOGO, COD_DETALLE_CATALOGO, DESCRIPCION) VALUES (4, '4', 'DEBITO BANCARIO');
-- Tarjetas de Credito
INSERT INTO DETALLE_CATALOGO (ID_CATALOGO, COD_DETALLE_CATALOGO, DESCRIPCION) VALUES (5, '1', 'VISA');
INSERT INTO DETALLE_CATALOGO (ID_CATALOGO, COD_DETALLE_CATALOGO, DESCRIPCION) VALUES (5, '2', 'DINERS');
INSERT INTO DETALLE_CATALOGO (ID_CATALOGO, COD_DETALLE_CATALOGO, DESCRIPCION) VALUES (5, '3', 'MASTERCARD');
INSERT INTO DETALLE_CATALOGO (ID_CATALOGO, COD_DETALLE_CATALOGO, DESCRIPCION) VALUES (5, '4', 'AMERICAN EXPRESS');
--Sector
INSERT INTO DETALLE_CATALOGO (ID_CATALOGO, COD_DETALLE_CATALOGO, DESCRIPCION) VALUES (6, '1', 'PUBLICO');
INSERT INTO DETALLE_CATALOGO (ID_CATALOGO, COD_DETALLE_CATALOGO, DESCRIPCION) VALUES (6, '2', 'PRIVADO');
--Forma Seguro
INSERT INTO DETALLE_CATALOGO (ID_CATALOGO, COD_DETALLE_CATALOGO, DESCRIPCION) VALUES (7, '1', 'INGLESA');
INSERT INTO DETALLE_CATALOGO (ID_CATALOGO, COD_DETALLE_CATALOGO, DESCRIPCION) VALUES (7, '2', 'AMERICANA');
--Clase de Embarcacion
INSERT INTO DETALLE_CATALOGO (ID_CATALOGO, COD_DETALLE_CATALOGO, DESCRIPCION) VALUES (8, '1', 'PESQUERO');
INSERT INTO DETALLE_CATALOGO (ID_CATALOGO, COD_DETALLE_CATALOGO, DESCRIPCION) VALUES (8, '2', 'YATES RECREACIÓN');
INSERT INTO DETALLE_CATALOGO (ID_CATALOGO, COD_DETALLE_CATALOGO, DESCRIPCION) VALUES (8, '3', 'YATES PRIVADOS');
INSERT INTO DETALLE_CATALOGO (ID_CATALOGO, COD_DETALLE_CATALOGO, DESCRIPCION) VALUES (8, '4', 'DRAGADO');
INSERT INTO DETALLE_CATALOGO (ID_CATALOGO, COD_DETALLE_CATALOGO, DESCRIPCION) VALUES (8, '5', 'LANCHAS');
INSERT INTO DETALLE_CATALOGO (ID_CATALOGO, COD_DETALLE_CATALOGO, DESCRIPCION) VALUES (8, '6', 'BUQUES');
INSERT INTO DETALLE_CATALOGO (ID_CATALOGO, COD_DETALLE_CATALOGO, DESCRIPCION) VALUES (8, '7', 'CRUSEROS');
INSERT INTO DETALLE_CATALOGO (ID_CATALOGO, COD_DETALLE_CATALOGO, DESCRIPCION) VALUES (8, '8', 'DE CARGAR');
INSERT INTO DETALLE_CATALOGO (ID_CATALOGO, COD_DETALLE_CATALOGO, DESCRIPCION) VALUES (8, '9', 'TURISTAS');
--Zona de Navegacion
INSERT INTO DETALLE_CATALOGO (ID_CATALOGO, COD_DETALLE_CATALOGO, DESCRIPCION) VALUES (9, '1', 'ECUADOR');
INSERT INTO DETALLE_CATALOGO (ID_CATALOGO, COD_DETALLE_CATALOGO, DESCRIPCION) VALUES (9, '2', 'AGUAS INTERNACIONALES');
--Modalidad de Fidelidad
INSERT INTO DETALLE_CATALOGO (ID_CATALOGO, COD_DETALLE_CATALOGO, DESCRIPCION) VALUES (10, '1', 'INDIVIDUAL');
INSERT INTO DETALLE_CATALOGO (ID_CATALOGO, COD_DETALLE_CATALOGO, DESCRIPCION) VALUES (10, '2', 'COLECTIVA');
INSERT INTO DETALLE_CATALOGO (ID_CATALOGO, COD_DETALLE_CATALOGO, DESCRIPCION) VALUES (10, '3', 'BLANKET');
--Tipo de Vehiculo para el SOAT
INSERT INTO DETALLE_CATALOGO (ID_CATALOGO, COD_DETALLE_CATALOGO, DESCRIPCION) VALUES (11, '1', 'JEEP');
INSERT INTO DETALLE_CATALOGO (ID_CATALOGO, COD_DETALLE_CATALOGO, DESCRIPCION) VALUES (11, '2', 'SEDAN');
INSERT INTO DETALLE_CATALOGO (ID_CATALOGO, COD_DETALLE_CATALOGO, DESCRIPCION) VALUES (11, '3', 'CAMION');
INSERT INTO DETALLE_CATALOGO (ID_CATALOGO, COD_DETALLE_CATALOGO, DESCRIPCION) VALUES (11, '4', 'CAMIONETA');
INSERT INTO DETALLE_CATALOGO (ID_CATALOGO, COD_DETALLE_CATALOGO, DESCRIPCION) VALUES (11, '5', 'MOTO');
--Tipo Soat
INSERT INTO DETALLE_CATALOGO (ID_CATALOGO, COD_DETALLE_CATALOGO, DESCRIPCION) VALUES (12, '1', 'PUBLICO');
INSERT INTO DETALLE_CATALOGO (ID_CATALOGO, COD_DETALLE_CATALOGO, DESCRIPCION) VALUES (12, '2', 'PRIVADO');
--Tipo de Transporte
INSERT INTO DETALLE_CATALOGO (ID_CATALOGO, COD_DETALLE_CATALOGO, DESCRIPCION) VALUES (13, '1', 'AEREO');
INSERT INTO DETALLE_CATALOGO (ID_CATALOGO, COD_DETALLE_CATALOGO, DESCRIPCION) VALUES (13, '2', 'MARITIMO');
INSERT INTO DETALLE_CATALOGO (ID_CATALOGO, COD_DETALLE_CATALOGO, DESCRIPCION) VALUES (13, '3', 'FLUVIAL');
INSERT INTO DETALLE_CATALOGO (ID_CATALOGO, COD_DETALLE_CATALOGO, DESCRIPCION) VALUES (13, '4', 'TERRESTRE');
INSERT INTO DETALLE_CATALOGO (ID_CATALOGO, COD_DETALLE_CATALOGO, DESCRIPCION) VALUES (13, '5', 'AEREO/TERRESTRE');
INSERT INTO DETALLE_CATALOGO (ID_CATALOGO, COD_DETALLE_CATALOGO, DESCRIPCION) VALUES (13, '6', 'MARITIMO/TERRESTRE');
INSERT INTO DETALLE_CATALOGO (ID_CATALOGO, COD_DETALLE_CATALOGO, DESCRIPCION) VALUES (13, '7', 'FLUVIAL/TERRESTRE');
--Tipo Vehiculo
INSERT INTO DETALLE_CATALOGO (ID_CATALOGO, COD_DETALLE_CATALOGO, DESCRIPCION) VALUES (14, '1', 'SEDAN');
INSERT INTO DETALLE_CATALOGO (ID_CATALOGO, COD_DETALLE_CATALOGO, DESCRIPCION) VALUES (14, '2', 'COUPE');
INSERT INTO DETALLE_CATALOGO (ID_CATALOGO, COD_DETALLE_CATALOGO, DESCRIPCION) VALUES (14, '3', 'WAGON');
INSERT INTO DETALLE_CATALOGO (ID_CATALOGO, COD_DETALLE_CATALOGO, DESCRIPCION) VALUES (14, '4', 'JEEP');
INSERT INTO DETALLE_CATALOGO (ID_CATALOGO, COD_DETALLE_CATALOGO, DESCRIPCION) VALUES (14, '5', 'CAMIONETA');
INSERT INTO DETALLE_CATALOGO (ID_CATALOGO, COD_DETALLE_CATALOGO, DESCRIPCION) VALUES (14, '6', 'FURGONETA');
INSERT INTO DETALLE_CATALOGO (ID_CATALOGO, COD_DETALLE_CATALOGO, DESCRIPCION) VALUES (14, '7', 'CAMION');
INSERT INTO DETALLE_CATALOGO (ID_CATALOGO, COD_DETALLE_CATALOGO, DESCRIPCION) VALUES (14, '8', 'BUS');
INSERT INTO DETALLE_CATALOGO (ID_CATALOGO, COD_DETALLE_CATALOGO, DESCRIPCION) VALUES (14, '9', 'VOLQUETA');
INSERT INTO DETALLE_CATALOGO (ID_CATALOGO, COD_DETALLE_CATALOGO, DESCRIPCION) VALUES (14, '10', 'TRAILER');
INSERT INTO DETALLE_CATALOGO (ID_CATALOGO, COD_DETALLE_CATALOGO, DESCRIPCION) VALUES (14, '11', 'TROLEBUS');
INSERT INTO DETALLE_CATALOGO (ID_CATALOGO, COD_DETALLE_CATALOGO, DESCRIPCION) VALUES (14, '12', 'AUTOTANQUE');
INSERT INTO DETALLE_CATALOGO (ID_CATALOGO, COD_DETALLE_CATALOGO, DESCRIPCION) VALUES (14, '13', 'MOTO');
INSERT INTO DETALLE_CATALOGO (ID_CATALOGO, COD_DETALLE_CATALOGO, DESCRIPCION) VALUES (14, '14', 'TRACTOMULA');
--Clase de Vehiculo
INSERT INTO DETALLE_CATALOGO (ID_CATALOGO, COD_DETALLE_CATALOGO, DESCRIPCION) VALUES (15, 'LIV', 'LIVIANO');
INSERT INTO DETALLE_CATALOGO (ID_CATALOGO, COD_DETALLE_CATALOGO, DESCRIPCION) VALUES (15, 'PES', 'PESADO');
INSERT INTO DETALLE_CATALOGO (ID_CATALOGO, COD_DETALLE_CATALOGO, DESCRIPCION) VALUES (15, 'MOTO', 'MOTO');
--Uso de Vehicullo
INSERT INTO DETALLE_CATALOGO (ID_CATALOGO, COD_DETALLE_CATALOGO, DESCRIPCION) VALUES (16, '1', 'PUBLICO');
INSERT INTO DETALLE_CATALOGO (ID_CATALOGO, COD_DETALLE_CATALOGO, DESCRIPCION) VALUES (16, '2', 'PRIVADO');
INSERT INTO DETALLE_CATALOGO (ID_CATALOGO, COD_DETALLE_CATALOGO, DESCRIPCION) VALUES (16, '3', 'ALQUILER');

--Marcas de Autos
INSERT INTO DETALLE_CATALOGO (ID_CATALOGO, DET_ID_DETALLE_CATALOGO, COD_DETALLE_CATALOGO, COD_DEP_DETALLE_CATALOGO, DESCRIPCION) VALUES (18, 72, NULL, 'LIV', 'Acura');
INSERT INTO DETALLE_CATALOGO (ID_CATALOGO, DET_ID_DETALLE_CATALOGO, COD_DETALLE_CATALOGO, COD_DEP_DETALLE_CATALOGO, DESCRIPCION) VALUES (18, 72, NULL, 'LIV', 'Alfa Romeo');
INSERT INTO DETALLE_CATALOGO (ID_CATALOGO, DET_ID_DETALLE_CATALOGO, COD_DETALLE_CATALOGO, COD_DEP_DETALLE_CATALOGO, DESCRIPCION) VALUES (18, 72, NULL, 'LIV', 'Audi');
--Modelos de Acura
INSERT INTO DETALLE_CATALOGO (ID_CATALOGO, DET_ID_DETALLE_CATALOGO, COD_DETALLE_CATALOGO, COD_DEP_DETALLE_CATALOGO, DESCRIPCION) VALUES (19, 73, NULL, NULL, 'Intregra');
INSERT INTO DETALLE_CATALOGO (ID_CATALOGO, DET_ID_DETALLE_CATALOGO, COD_DETALLE_CATALOGO, COD_DEP_DETALLE_CATALOGO, DESCRIPCION) VALUES (19, 73, NULL, NULL, 'Legend');
INSERT INTO DETALLE_CATALOGO (ID_CATALOGO, DET_ID_DETALLE_CATALOGO, COD_DETALLE_CATALOGO, COD_DEP_DETALLE_CATALOGO, DESCRIPCION) VALUES (19, 73, NULL, NULL, 'MDX');
INSERT INTO DETALLE_CATALOGO (ID_CATALOGO, DET_ID_DETALLE_CATALOGO, COD_DETALLE_CATALOGO, COD_DEP_DETALLE_CATALOGO, DESCRIPCION) VALUES (19, 73, NULL, NULL, 'RDX');
INSERT INTO DETALLE_CATALOGO (ID_CATALOGO, DET_ID_DETALLE_CATALOGO, COD_DETALLE_CATALOGO, COD_DEP_DETALLE_CATALOGO, DESCRIPCION) VALUES (19, 73, NULL, NULL, 'RSX TYPES');
INSERT INTO DETALLE_CATALOGO (ID_CATALOGO, DET_ID_DETALLE_CATALOGO, COD_DETALLE_CATALOGO, COD_DEP_DETALLE_CATALOGO, DESCRIPCION) VALUES (19, 73, NULL, NULL, 'TL Types S');
--Modelos de Alfa Romeo
INSERT INTO DETALLE_CATALOGO (ID_CATALOGO, DET_ID_DETALLE_CATALOGO, COD_DETALLE_CATALOGO, COD_DEP_DETALLE_CATALOGO, DESCRIPCION) VALUES (19, 74, NULL, NULL, '145');	
INSERT INTO DETALLE_CATALOGO (ID_CATALOGO, DET_ID_DETALLE_CATALOGO, COD_DETALLE_CATALOGO, COD_DEP_DETALLE_CATALOGO, DESCRIPCION) VALUES (19, 74, NULL, NULL, '146');
INSERT INTO DETALLE_CATALOGO (ID_CATALOGO, DET_ID_DETALLE_CATALOGO, COD_DETALLE_CATALOGO, COD_DEP_DETALLE_CATALOGO, DESCRIPCION) VALUES (19, 74, NULL, NULL, '146TI');
INSERT INTO DETALLE_CATALOGO (ID_CATALOGO, DET_ID_DETALLE_CATALOGO, COD_DETALLE_CATALOGO, COD_DEP_DETALLE_CATALOGO, DESCRIPCION) VALUES (19, 74, NULL, NULL, '147');
INSERT INTO DETALLE_CATALOGO (ID_CATALOGO, DET_ID_DETALLE_CATALOGO, COD_DETALLE_CATALOGO, COD_DEP_DETALLE_CATALOGO, DESCRIPCION) VALUES (19, 74, NULL, NULL, '155');
INSERT INTO DETALLE_CATALOGO (ID_CATALOGO, DET_ID_DETALLE_CATALOGO, COD_DETALLE_CATALOGO, COD_DEP_DETALLE_CATALOGO, DESCRIPCION) VALUES (19, 74, NULL, NULL, '156');
INSERT INTO DETALLE_CATALOGO (ID_CATALOGO, DET_ID_DETALLE_CATALOGO, COD_DETALLE_CATALOGO, COD_DEP_DETALLE_CATALOGO, DESCRIPCION) VALUES (19, 74, NULL, NULL, '159');
INSERT INTO DETALLE_CATALOGO (ID_CATALOGO, DET_ID_DETALLE_CATALOGO, COD_DETALLE_CATALOGO, COD_DEP_DETALLE_CATALOGO, DESCRIPCION) VALUES (19, 74, NULL, NULL, '164');
INSERT INTO DETALLE_CATALOGO (ID_CATALOGO, DET_ID_DETALLE_CATALOGO, COD_DETALLE_CATALOGO, COD_DEP_DETALLE_CATALOGO, DESCRIPCION) VALUES (19, 74, NULL, NULL, '166');
INSERT INTO DETALLE_CATALOGO (ID_CATALOGO, DET_ID_DETALLE_CATALOGO, COD_DETALLE_CATALOGO, COD_DEP_DETALLE_CATALOGO, DESCRIPCION) VALUES (19, 74, NULL, NULL, '33 1.5E');
INSERT INTO DETALLE_CATALOGO (ID_CATALOGO, DET_ID_DETALLE_CATALOGO, COD_DETALLE_CATALOGO, COD_DEP_DETALLE_CATALOGO, DESCRIPCION) VALUES (19, 74, NULL, NULL, '36 1.7 16V');
INSERT INTO DETALLE_CATALOGO (ID_CATALOGO, DET_ID_DETALLE_CATALOGO, COD_DETALLE_CATALOGO, COD_DEP_DETALLE_CATALOGO, DESCRIPCION) VALUES (19, 74, NULL, NULL, 'Alfetta 2.0');
INSERT INTO DETALLE_CATALOGO (ID_CATALOGO, DET_ID_DETALLE_CATALOGO, COD_DETALLE_CATALOGO, COD_DEP_DETALLE_CATALOGO, DESCRIPCION) VALUES (19, 74, NULL, NULL, 'Alfsud');
INSERT INTO DETALLE_CATALOGO (ID_CATALOGO, DET_ID_DETALLE_CATALOGO, COD_DETALLE_CATALOGO, COD_DEP_DETALLE_CATALOGO, DESCRIPCION) VALUES (19, 74, NULL, NULL, 'Berlina 2000');
INSERT INTO DETALLE_CATALOGO (ID_CATALOGO, DET_ID_DETALLE_CATALOGO, COD_DETALLE_CATALOGO, COD_DEP_DETALLE_CATALOGO, DESCRIPCION) VALUES (19, 74, NULL, NULL, 'Brera');
INSERT INTO DETALLE_CATALOGO (ID_CATALOGO, DET_ID_DETALLE_CATALOGO, COD_DETALLE_CATALOGO, COD_DEP_DETALLE_CATALOGO, DESCRIPCION) VALUES (19, 74, NULL, NULL, 'Giulia Super');
INSERT INTO DETALLE_CATALOGO (ID_CATALOGO, DET_ID_DETALLE_CATALOGO, COD_DETALLE_CATALOGO, COD_DEP_DETALLE_CATALOGO, DESCRIPCION) VALUES (19, 74, NULL, NULL, 'GT 2000');
INSERT INTO DETALLE_CATALOGO (ID_CATALOGO, DET_ID_DETALLE_CATALOGO, COD_DETALLE_CATALOGO, COD_DEP_DETALLE_CATALOGO, DESCRIPCION) VALUES (19, 74, NULL, NULL, 'GTV');
INSERT INTO DETALLE_CATALOGO (ID_CATALOGO, DET_ID_DETALLE_CATALOGO, COD_DETALLE_CATALOGO, COD_DEP_DETALLE_CATALOGO, DESCRIPCION) VALUES (19, 74, NULL, NULL, 'Spider');
INSERT INTO DETALLE_CATALOGO (ID_CATALOGO, DET_ID_DETALLE_CATALOGO, COD_DETALLE_CATALOGO, COD_DEP_DETALLE_CATALOGO, DESCRIPCION) VALUES (19, 74, NULL, NULL, 'Zagato');

-- TABLA TIPO_DIRECCION
INSERT INTO TIPO_DIRECCION VALUES (1, 'COB', 'Cobro');
INSERT INTO TIPO_DIRECCION VALUES (2, 'DOM', 'Domicilio');
INSERT INTO TIPO_DIRECCION VALUES (3, 'OFI', 'Oficina');

-- TABLA PROVICNIA
INSERT INTO PROVINCIA (CODIGO, NOMBRE) VALUES ('01', 'AZUAY');
INSERT INTO PROVINCIA (CODIGO, NOMBRE) VALUES ('02', 'BOLÍVAR');
INSERT INTO PROVINCIA (CODIGO, NOMBRE) VALUES ('03', 'CAÑAR');
INSERT INTO PROVINCIA (CODIGO, NOMBRE) VALUES ('04', 'CARCHI');
INSERT INTO PROVINCIA (CODIGO, NOMBRE) VALUES ('06', 'CHIMBORAZO');
INSERT INTO PROVINCIA (CODIGO, NOMBRE) VALUES ('05', 'COTOPAXI');
INSERT INTO PROVINCIA (CODIGO, NOMBRE) VALUES ('07', 'EL ORO');
INSERT INTO PROVINCIA (CODIGO, NOMBRE) VALUES ('08', 'ESMERALDAS');
INSERT INTO PROVINCIA (CODIGO, NOMBRE) VALUES ('20', 'GALÁPAGOS');
INSERT INTO PROVINCIA (CODIGO, NOMBRE) VALUES ('09', 'GUAYAS');
INSERT INTO PROVINCIA (CODIGO, NOMBRE) VALUES ('10', 'IMBABURA');
INSERT INTO PROVINCIA (CODIGO, NOMBRE) VALUES ('11', 'LOJA');
INSERT INTO PROVINCIA (CODIGO, NOMBRE) VALUES ('12', 'LOS RÍOS');
INSERT INTO PROVINCIA (CODIGO, NOMBRE) VALUES ('13', 'MANABÍ');
INSERT INTO PROVINCIA (CODIGO, NOMBRE) VALUES ('14', 'MORONA SANTIAGO');
INSERT INTO PROVINCIA (CODIGO, NOMBRE) VALUES ('15', 'NAPO');
INSERT INTO PROVINCIA (CODIGO, NOMBRE) VALUES ('22', 'ORELLANA');
INSERT INTO PROVINCIA (CODIGO, NOMBRE) VALUES ('16', 'PASTAZA');
INSERT INTO PROVINCIA (CODIGO, NOMBRE) VALUES ('17', 'PICHINCHA');
INSERT INTO PROVINCIA (CODIGO, NOMBRE) VALUES ('24', 'SANTA ELENA');
INSERT INTO PROVINCIA (CODIGO, NOMBRE) VALUES ('21', 'SUCUMBÍOS');
INSERT INTO PROVINCIA (CODIGO, NOMBRE) VALUES ('18', 'TUNGURAHUA');
INSERT INTO PROVINCIA (CODIGO, NOMBRE) VALUES ('23', 'STO. DOMINGO DE LOS TSACHILAS');
INSERT INTO PROVINCIA (CODIGO, NOMBRE) VALUES ('19', 'ZAMORA CHINCHIPE');

-- TABLA CANTON
-- Cantones de Pichicncha
INSERT INTO CANTON (ID_PROVINCIA, NOMBRE) VALUES (19, 'Cayambe');
INSERT INTO CANTON (ID_PROVINCIA, NOMBRE) VALUES (19, 'Mejía');
INSERT INTO CANTON (ID_PROVINCIA, NOMBRE) VALUES (19, 'Pedro Moncayo');
INSERT INTO CANTON (ID_PROVINCIA, NOMBRE) VALUES (19, 'Pedro Vicente Maldonado');
INSERT INTO CANTON (ID_PROVINCIA, NOMBRE) VALUES (19, 'Puerto Quito');
INSERT INTO CANTON (ID_PROVINCIA, NOMBRE) VALUES (19, 'Quito');
INSERT INTO CANTON (ID_PROVINCIA, NOMBRE) VALUES (19, 'Rumiñahui');
INSERT INTO CANTON (ID_PROVINCIA, NOMBRE) VALUES (19, 'San Miguel de los Bancos');
INSERT INTO CANTON (ID_PROVINCIA, NOMBRE) VALUES (19, 'Santo Domingo de los Colorados');

-- TABLA TIPO_PARROQUIA
INSERT INTO TIPO_PARROQUIA (DESCRIPCION) VALUES ('Rurales');
INSERT INTO TIPO_PARROQUIA (DESCRIPCION) VALUES ('Urbanas');

-- TABLA PARROQUIA
-- Parroquias Rurales de Quito
INSERT INTO PARROQUIA (ID_CANTON, ID_TIPO_PARROQUIA, NOMBRE) VALUES (6, 1, 'Alangasí');
INSERT INTO PARROQUIA (ID_CANTON, ID_TIPO_PARROQUIA, NOMBRE) VALUES (6, 1, 'Amaguaña');
INSERT INTO PARROQUIA (ID_CANTON, ID_TIPO_PARROQUIA, NOMBRE) VALUES (6, 1, 'Atahualpa - Quito');
INSERT INTO PARROQUIA (ID_CANTON, ID_TIPO_PARROQUIA, NOMBRE) VALUES (6, 1, 'Calderón - Quito');
INSERT INTO PARROQUIA (ID_CANTON, ID_TIPO_PARROQUIA, NOMBRE) VALUES (6, 1, 'Chavezpamba');
INSERT INTO PARROQUIA (ID_CANTON, ID_TIPO_PARROQUIA, NOMBRE) VALUES (6, 1, 'Checa - Quito');
INSERT INTO PARROQUIA (ID_CANTON, ID_TIPO_PARROQUIA, NOMBRE) VALUES (6, 1, 'Conocoto');
INSERT INTO PARROQUIA (ID_CANTON, ID_TIPO_PARROQUIA, NOMBRE) VALUES (6, 1, 'Cumbayá');
INSERT INTO PARROQUIA (ID_CANTON, ID_TIPO_PARROQUIA, NOMBRE) VALUES (6, 1, 'El Quinche');
INSERT INTO PARROQUIA (ID_CANTON, ID_TIPO_PARROQUIA, NOMBRE) VALUES (6, 1, 'Gualea');
INSERT INTO PARROQUIA (ID_CANTON, ID_TIPO_PARROQUIA, NOMBRE) VALUES (6, 1, 'Guangopolo');
INSERT INTO PARROQUIA (ID_CANTON, ID_TIPO_PARROQUIA, NOMBRE) VALUES (6, 1, 'Guayllabamba');
INSERT INTO PARROQUIA (ID_CANTON, ID_TIPO_PARROQUIA, NOMBRE) VALUES (6, 1, 'La Merced');
INSERT INTO PARROQUIA (ID_CANTON, ID_TIPO_PARROQUIA, NOMBRE) VALUES (6, 1, 'Llano Chico');
INSERT INTO PARROQUIA (ID_CANTON, ID_TIPO_PARROQUIA, NOMBRE) VALUES (6, 1, 'Lloa');
INSERT INTO PARROQUIA (ID_CANTON, ID_TIPO_PARROQUIA, NOMBRE) VALUES (6, 1, 'Nanegal');
INSERT INTO PARROQUIA (ID_CANTON, ID_TIPO_PARROQUIA, NOMBRE) VALUES (6, 1, 'Nanegalito');
INSERT INTO PARROQUIA (ID_CANTON, ID_TIPO_PARROQUIA, NOMBRE) VALUES (6, 1, 'Nayón');
INSERT INTO PARROQUIA (ID_CANTON, ID_TIPO_PARROQUIA, NOMBRE) VALUES (6, 1, 'Nono');
INSERT INTO PARROQUIA (ID_CANTON, ID_TIPO_PARROQUIA, NOMBRE) VALUES (6, 1, 'Pacto');
INSERT INTO PARROQUIA (ID_CANTON, ID_TIPO_PARROQUIA, NOMBRE) VALUES (6, 1, 'Perucho');
INSERT INTO PARROQUIA (ID_CANTON, ID_TIPO_PARROQUIA, NOMBRE) VALUES (6, 1, 'Pifo');
INSERT INTO PARROQUIA (ID_CANTON, ID_TIPO_PARROQUIA, NOMBRE) VALUES (6, 1, 'Píntag');
INSERT INTO PARROQUIA (ID_CANTON, ID_TIPO_PARROQUIA, NOMBRE) VALUES (6, 1, 'Pomasqui');
INSERT INTO PARROQUIA (ID_CANTON, ID_TIPO_PARROQUIA, NOMBRE) VALUES (6, 1, 'Puéllaro');
INSERT INTO PARROQUIA (ID_CANTON, ID_TIPO_PARROQUIA, NOMBRE) VALUES (6, 1, 'Puembo');
INSERT INTO PARROQUIA (ID_CANTON, ID_TIPO_PARROQUIA, NOMBRE) VALUES (6, 1, 'San Antonio - Quito');
INSERT INTO PARROQUIA (ID_CANTON, ID_TIPO_PARROQUIA, NOMBRE) VALUES (6, 1, 'San José de Minas');
INSERT INTO PARROQUIA (ID_CANTON, ID_TIPO_PARROQUIA, NOMBRE) VALUES (6, 1, 'Tababela');
INSERT INTO PARROQUIA (ID_CANTON, ID_TIPO_PARROQUIA, NOMBRE) VALUES (6, 1, 'Tumbaco');
INSERT INTO PARROQUIA (ID_CANTON, ID_TIPO_PARROQUIA, NOMBRE) VALUES (6, 1, 'Yaruquí');
INSERT INTO PARROQUIA (ID_CANTON, ID_TIPO_PARROQUIA, NOMBRE) VALUES (6, 1, 'Zámbiza');

--TABLA RAMO
-- Ramos
INSERT INTO RAMO VALUES (1,'AP','ACCIDENTES PERSONALES');
INSERT INTO RAMO VALUES (2,'AGP','AGROPECUARIO');
INSERT INTO RAMO VALUES (3,'AM','ASISTENCIA MEDICA');
INSERT INTO RAMO VALUES (4,'BUA','BUEN USO DE ANTICIPO');
INSERT INTO RAMO VALUES (5,'BCM','BUENA CALIDAD DE MATERIALES');
INSERT INTO RAMO VALUES (6,'CA','CASCO AEREO');
INSERT INTO RAMO VALUES (7,'CM','CASCO MARITIMO');
INSERT INTO RAMO VALUES (8,'CC','CUMPLIMIENTO DE CONTRATO');
INSERT INTO RAMO VALUES (9,'DV','DINERO Y VALORES');
INSERT INTO RAMO VALUES (10,'EE','EQUIPO ELECTRONICO');
INSERT INTO RAMO VALUES (11,'EM','EQUIPO Y MAQUINARIA');
INSERT INTO RAMO VALUES (12,'FD','FIDELIDAD');
INSERT INTO RAMO VALUES (13,'GA','GARANTIA ADUANERA');
INSERT INTO RAMO VALUES (14,'ILA','INCENDIO Y/O LINEAS ALIADAS');
INSERT INTO RAMO VALUES (15,'LCRM','LUCRO CESANTE POR ROTURA DE MAQUINARIA');
INSERT INTO RAMO VALUES (16,'LCILA','LUCRO CESANTE INCENDIO Y LINEAS ALIADAS');
INSERT INTO RAMO VALUES (17,'RC','RESPONSABILIDAD CIVIL');
INSERT INTO RAMO VALUES (18,'RE','RIESGOS ESPECIALES');
INSERT INTO RAMO VALUES (19,'RB','ROBO Y/O ASALTO');
INSERT INTO RAMO VALUES (20,'RM','ROTURA DE MAQUINARIA');
INSERT INTO RAMO VALUES (21,'ST','SOAT');
INSERT INTO RAMO VALUES (22,'TRC','TODO RIESGO CONTRATISTA');
INSERT INTO RAMO VALUES (23,'TRM','TODO RIESGO MONTAJE');
INSERT INTO RAMO VALUES (24,'TR','TRANSPORTE');
INSERT INTO RAMO VALUES (25,'VH','VEHICULOS');
INSERT INTO RAMO VALUES (26,'VD','VIDA');

--TABLA ANEXO
INSERT INTO ANEXO VALUES (1,'CLAUSULAS ADICIONALES.');
INSERT INTO ANEXO VALUES (2,'COBERTURAS.');
INSERT INTO ANEXO VALUES (3,'CONDICIONES ESPECIALES.');
INSERT INTO ANEXO VALUES (4,'LIMITES Y COSTOS.');
INSERT INTO ANEXO VALUES (5,'GARANTIAS DE LA POLIZA.');
INSERT INTO ANEXO VALUES (6,'COBERTURAS ADICIONALES');

--TABLA TITULO
INSERT INTO TITULO VALUES (1,'PARA TRANSPORTE');
INSERT INTO TITULO VALUES (2,'PARA VIDA');
INSERT INTO TITULO VALUES (3,'BENEFICIOS');
INSERT INTO TITULO VALUES (4,'BENEFICIOS ADICIONALES');
INSERT INTO TITULO VALUES (5,'MATERNIDAD');
INSERT INTO TITULO VALUES (6,'TODO RIESGO');
INSERT INTO TITULO VALUES (7,'TODO RIESGO INCLUYENDO PERO LIMITADO A');
INSERT INTO TITULO VALUES (8,'DINERO Y VALORES');
INSERT INTO TITULO VALUES (9,'EDIFICIO E INSTALACIONES');
INSERT INTO TITULO VALUES (10,'MAQUINARIAS Y EQUIPOS');
INSERT INTO TITULO VALUES (11,'MERCADERÕAS Y/O ACTIVOS FLOTANTES');
INSERT INTO TITULO VALUES (12,'MUEBLES, ENSERES Y EQUIPOS DE OFICINA');

-- TABLA DETALLE_ANEXO
-- ****** RAMO - Accidentes Personales ******
-- CLAUSULAS ADICIONALES
INSERT INTO DETALLE_ANEXO (ID_DETALLE_ANEXO, ID_RAMO, ID_ANEXO, NOMBRE_DETALLE_ANEXO) VALUES (1, 1, 1, 'ADHESION');
INSERT INTO DETALLE_ANEXO (ID_DETALLE_ANEXO, ID_RAMO, ID_ANEXO, NOMBRE_DETALLE_ANEXO) VALUES (2, 1, 1, 'AMPARO AUTOMATICO NUEVOS EMPLEADOS');
INSERT INTO DETALLE_ANEXO (ID_DETALLE_ANEXO, ID_RAMO, ID_ANEXO, NOMBRE_DETALLE_ANEXO) VALUES (3, 1, 1, 'NO CANCELACION INDIVIDUAL DE LA POLIZA');
INSERT INTO DETALLE_ANEXO (ID_DETALLE_ANEXO, ID_RAMO, ID_ANEXO, NOMBRE_DETALLE_ANEXO) VALUES (4, 1, 1, 'NOTIFICACION DEL SINIESTRO');
INSERT INTO DETALLE_ANEXO (ID_DETALLE_ANEXO, ID_RAMO, ID_ANEXO, NOMBRE_DETALLE_ANEXO) VALUES (5, 1, 1, 'PAGO DE PRIMAS 15 DIAS');
INSERT INTO DETALLE_ANEXO (ID_DETALLE_ANEXO, ID_RAMO, ID_ANEXO, NOMBRE_DETALLE_ANEXO) VALUES (6, 1, 1, 'RESTITUCIÓN AUTOMATICA DE SUMA ASEGURADA, UNICAMENTE PARA GASTOS MEDICOS');
-- COBERTURAS
INSERT INTO DETALLE_ANEXO (ID_DETALLE_ANEXO, ID_RAMO, ID_ANEXO, NOMBRE_DETALLE_ANEXO) VALUES (7, 1, 2, 'AMBULANCIA AEREA');
INSERT INTO DETALLE_ANEXO (ID_DETALLE_ANEXO, ID_RAMO, ID_ANEXO, NOMBRE_DETALLE_ANEXO) VALUES (8, 1, 2, 'AMBULANCIA TERRESTRE');
INSERT INTO DETALLE_ANEXO (ID_DETALLE_ANEXO, ID_RAMO, ID_ANEXO, NOMBRE_DETALLE_ANEXO) VALUES (9, 1, 2, 'BECA ESTUDIANTIL');
INSERT INTO DETALLE_ANEXO (ID_DETALLE_ANEXO, ID_RAMO, ID_ANEXO, NOMBRE_DETALLE_ANEXO) VALUES (10, 1, 2, 'DESMEMBRACION ACCIDENTAL');
INSERT INTO DETALLE_ANEXO (ID_DETALLE_ANEXO, ID_RAMO, ID_ANEXO, NOMBRE_DETALLE_ANEXO) VALUES (11, 1, 2, 'GASTOS MEDICOS');
INSERT INTO DETALLE_ANEXO (ID_DETALLE_ANEXO, ID_RAMO, ID_ANEXO, NOMBRE_DETALLE_ANEXO) VALUES (12, 1, 2, 'INCAPACITADAD TOTAL Y PERMANENTE ');
INSERT INTO DETALLE_ANEXO (ID_DETALLE_ANEXO, ID_RAMO, ID_ANEXO, NOMBRE_DETALLE_ANEXO) VALUES (13, 1, 2, 'MUERTE ACCIDENTAL');
INSERT INTO DETALLE_ANEXO (ID_DETALLE_ANEXO, ID_RAMO, ID_ANEXO, NOMBRE_DETALLE_ANEXO) VALUES (14, 1, 2, 'SEPELIO');
-- CONDICIONES ESPECIALES
INSERT INTO DETALLE_ANEXO (ID_DETALLE_ANEXO, ID_RAMO, ID_ANEXO, NOMBRE_DETALLE_ANEXO) VALUES (15, 1, 3, 'FACTURACION ANUAL');
INSERT INTO DETALLE_ANEXO (ID_DETALLE_ANEXO, ID_RAMO, ID_ANEXO, NOMBRE_DETALLE_ANEXO) VALUES (16, 1, 3, 'FACTURACION MENSUAL');
INSERT INTO DETALLE_ANEXO (ID_DETALLE_ANEXO, ID_RAMO, ID_ANEXO, NOMBRE_DETALLE_ANEXO) VALUES (17, 1, 3, 'FACTURACION SEMESTRAL');
-- ****** RAMO - Agropecuario ******
-- CLAUSULAS ADICIONALES
INSERT INTO DETALLE_ANEXO (ID_DETALLE_ANEXO, ID_RAMO, ID_ANEXO, NOMBRE_DETALLE_ANEXO) VALUES (18, 2, 1, 'AVISO DE SINIESTRO');
INSERT INTO DETALLE_ANEXO (ID_DETALLE_ANEXO, ID_RAMO, ID_ANEXO, NOMBRE_DETALLE_ANEXO) VALUES (19, 2, 1, 'CLÁUSULA DE  PAGO DE PRIMAS');
INSERT INTO DETALLE_ANEXO (ID_DETALLE_ANEXO, ID_RAMO, ID_ANEXO, NOMBRE_DETALLE_ANEXO) VALUES (20, 2, 1, 'CLÁUSULA DE ACEPTACIÓN DE SINIESTROS');
INSERT INTO DETALLE_ANEXO (ID_DETALLE_ANEXO, ID_RAMO, ID_ANEXO, NOMBRE_DETALLE_ANEXO) VALUES (21, 2, 1, 'CLÁUSULA DE ACLARACIÓN A LA INDEMNIZACIÓN DE SINIESTROS');
INSERT INTO DETALLE_ANEXO (ID_DETALLE_ANEXO, ID_RAMO, ID_ANEXO, NOMBRE_DETALLE_ANEXO) VALUES (22, 2, 1, 'CLÁUSULA DE ADHESIÓN');
INSERT INTO DETALLE_ANEXO (ID_DETALLE_ANEXO, ID_RAMO, ID_ANEXO, NOMBRE_DETALLE_ANEXO) VALUES (23, 2, 1, 'CLÁUSULA DE CANCELACIÓN ANTICIPADA');
INSERT INTO DETALLE_ANEXO (ID_DETALLE_ANEXO, ID_RAMO, ID_ANEXO, NOMBRE_DETALLE_ANEXO) VALUES (24, 2, 1, 'CLÁUSULA DE DOCUMENTOS PARA SINIESTROS');
INSERT INTO DETALLE_ANEXO (ID_DETALLE_ANEXO, ID_RAMO, ID_ANEXO, NOMBRE_DETALLE_ANEXO) VALUES (25, 2, 1, 'CLÁUSULA DE ERRORES U OMISIONES');
INSERT INTO DETALLE_ANEXO (ID_DETALLE_ANEXO, ID_RAMO, ID_ANEXO, NOMBRE_DETALLE_ANEXO) VALUES (26, 2, 1, 'CLÁUSULA DE EXTENSIÓN DE VIGENCIA A PRORRATA');
INSERT INTO DETALLE_ANEXO (ID_DETALLE_ANEXO, ID_RAMO, ID_ANEXO, NOMBRE_DETALLE_ANEXO) VALUES (27, 2, 1, 'CLÁUSULA DE INDEMNIZACIÓN TOTAL Y DEFINITIVA');
-- COBERTURAS
--TITULO - Para Transporte
INSERT INTO DETALLE_ANEXO (ID_DETALLE_ANEXO, ID_RAMO, ID_ANEXO, ID_TITULO, NOMBRE_DETALLE_ANEXO) VALUES (28, 2, 2, 1, 'INCLUYE TRANSPORTE INTERNO A NIVEL NACIONAL PREVIO AVISO DE TRASLADO.');
--TITULO - Para Vida
INSERT INTO DETALLE_ANEXO (ID_DETALLE_ANEXO, ID_RAMO, ID_ANEXO, ID_TITULO, NOMBRE_DETALLE_ANEXO) VALUES (29, 2, 2, 2, 'MUERTE POR ACCIDENTE');
INSERT INTO DETALLE_ANEXO (ID_DETALLE_ANEXO, ID_RAMO, ID_ANEXO, ID_TITULO, NOMBRE_DETALLE_ANEXO) VALUES (30, 2, 2, 2, 'MUERTE POR CÓLICO');
INSERT INTO DETALLE_ANEXO (ID_DETALLE_ANEXO, ID_RAMO, ID_ANEXO, ID_TITULO, NOMBRE_DETALLE_ANEXO) VALUES (31, 2, 2, 2, 'MUERTE POR ENFERMEDAD');
INSERT INTO DETALLE_ANEXO (ID_DETALLE_ANEXO, ID_RAMO, ID_ANEXO, ID_TITULO, NOMBRE_DETALLE_ANEXO) VALUES (32, 2, 2, 2, 'SACRIFICIO FORZOSO');
-- ****** RAMO - Asistencia Medica ******
-- LIMITES Y COSTOS
-- TITULO - Beneficios
INSERT INTO DETALLE_ANEXO (ID_DETALLE_ANEXO, ID_RAMO, ID_ANEXO, ID_TITULO, NOMBRE_DETALLE_ANEXO) VALUES (33, 3, 4, 3, 'AMBULANCIA AÉREA (VÍA REEMBOLSO)');
INSERT INTO DETALLE_ANEXO (ID_DETALLE_ANEXO, ID_RAMO, ID_ANEXO, ID_TITULO, NOMBRE_DETALLE_ANEXO) VALUES (34, 3, 4, 3, 'AMBULANCIA TERRESTRE');
INSERT INTO DETALLE_ANEXO (ID_DETALLE_ANEXO, ID_RAMO, ID_ANEXO, ID_TITULO, NOMBRE_DETALLE_ANEXO) VALUES (35, 3, 4, 3, 'AMBULANCIA TERRESTRE LIBRE ELECCIÓN');
INSERT INTO DETALLE_ANEXO (ID_DETALLE_ANEXO, ID_RAMO, ID_ANEXO, ID_TITULO, NOMBRE_DETALLE_ANEXO) VALUES (36, 3, 4, 3, 'ARANCEL');
INSERT INTO DETALLE_ANEXO (ID_DETALLE_ANEXO, ID_RAMO, ID_ANEXO, ID_TITULO, NOMBRE_DETALLE_ANEXO) VALUES (37, 3, 4, 3, 'CENTROS MÉDICOS DE ATENCIÓN AMBULATORIA');
INSERT INTO DETALLE_ANEXO (ID_DETALLE_ANEXO, ID_RAMO, ID_ANEXO, ID_TITULO, NOMBRE_DETALLE_ANEXO) VALUES (38, 3, 4, 3, 'COBERTURA AMBULATORIA FUERA DE LA RED (LIBRE ELECCIÓN)');
INSERT INTO DETALLE_ANEXO (ID_DETALLE_ANEXO, ID_RAMO, ID_ANEXO, ID_TITULO, NOMBRE_DETALLE_ANEXO) VALUES (39, 3, 4, 3, 'COBERTURA HOSPITALARIA DENTRO DE LA RED');
INSERT INTO DETALLE_ANEXO (ID_DETALLE_ANEXO, ID_RAMO, ID_ANEXO, ID_TITULO, NOMBRE_DETALLE_ANEXO) VALUES (40, 3, 4, 3, 'COBERTURA HOSPITALARIA FUERA DE LA RED (LIBRE ELECCIÓN)');
INSERT INTO DETALLE_ANEXO (ID_DETALLE_ANEXO, ID_RAMO, ID_ANEXO, ID_TITULO, NOMBRE_DETALLE_ANEXO) VALUES (41, 3, 4, 3, 'CUARTO Y ALIMENTO DIARIO AL 100%');
INSERT INTO DETALLE_ANEXO (ID_DETALLE_ANEXO, ID_RAMO, ID_ANEXO, ID_TITULO, NOMBRE_DETALLE_ANEXO) VALUES (42, 3, 4, 3, 'DEDUCIBLE ANUAL POR PERSONA');
INSERT INTO DETALLE_ANEXO (ID_DETALLE_ANEXO, ID_RAMO, ID_ANEXO, ID_TITULO, NOMBRE_DETALLE_ANEXO) VALUES (43, 3, 4, 3, 'EMERGENCIA POR ACCIDENTE AL 100% HASTA, EL EXCEDENTE AL 80% CON APLICACIÓN DE DEDUCIBLE');
INSERT INTO DETALLE_ANEXO (ID_DETALLE_ANEXO, ID_RAMO, ID_ANEXO, ID_TITULO, NOMBRE_DETALLE_ANEXO) VALUES (44, 3, 4, 3, 'FARMACIA CONSULTA EXTERNA DENTRO DE RED');
INSERT INTO DETALLE_ANEXO (ID_DETALLE_ANEXO, ID_RAMO, ID_ANEXO, ID_TITULO, NOMBRE_DETALLE_ANEXO) VALUES (45, 3, 4, 3, 'FARMACIA CONSULTA EXTERNA LIBRE ELECCIÓN');
INSERT INTO DETALLE_ANEXO (ID_DETALLE_ANEXO, ID_RAMO, ID_ANEXO, ID_TITULO, NOMBRE_DETALLE_ANEXO) VALUES (46, 3, 4, 3, 'LÍMITE MÁXIMO POR INCAPACIDAD (HOSP. / AMB.)');
INSERT INTO DETALLE_ANEXO (ID_DETALLE_ANEXO, ID_RAMO, ID_ANEXO, ID_TITULO, NOMBRE_DETALLE_ANEXO) VALUES (47, 3, 4, 3, 'LÍMITE PREEXISTENCIAS');
INSERT INTO DETALLE_ANEXO (ID_DETALLE_ANEXO, ID_RAMO, ID_ANEXO, ID_TITULO, NOMBRE_DETALLE_ANEXO) VALUES (48, 3, 4, 3, 'PERÍODO DE INCAPACIDAD');
INSERT INTO DETALLE_ANEXO (ID_DETALLE_ANEXO, ID_RAMO, ID_ANEXO, ID_TITULO, NOMBRE_DETALLE_ANEXO) VALUES (49, 3, 4, 3, 'PERÍODO DE PRESENTACIÓN DE RECLAMOS');
INSERT INTO DETALLE_ANEXO (ID_DETALLE_ANEXO, ID_RAMO, ID_ANEXO, ID_TITULO, NOMBRE_DETALLE_ANEXO) VALUES (50, 3, 4, 3, 'PLAN DENTAL TITULARES');
INSERT INTO DETALLE_ANEXO (ID_DETALLE_ANEXO, ID_RAMO, ID_ANEXO, ID_TITULO, NOMBRE_DETALLE_ANEXO) VALUES (51, 3, 4, 3, 'TOPE DE CONSULTA');
INSERT INTO DETALLE_ANEXO (ID_DETALLE_ANEXO, ID_RAMO, ID_ANEXO, ID_TITULO, NOMBRE_DETALLE_ANEXO) VALUES (52, 3, 4, 3, 'TOPE PARA MEDICINAS');
INSERT INTO DETALLE_ANEXO (ID_DETALLE_ANEXO, ID_RAMO, ID_ANEXO, ID_TITULO, NOMBRE_DETALLE_ANEXO) VALUES (53, 3, 4, 3, 'UNIDAD DE CUIDADOS INTENSIVOS');
INSERT INTO DETALLE_ANEXO (ID_DETALLE_ANEXO, ID_RAMO, ID_ANEXO, ID_TITULO, NOMBRE_DETALLE_ANEXO) VALUES (54, 3, 4, 3, 'VADEMECUM A - GENERICOS');
INSERT INTO DETALLE_ANEXO (ID_DETALLE_ANEXO, ID_RAMO, ID_ANEXO, ID_TITULO, NOMBRE_DETALLE_ANEXO) VALUES (55, 3, 4, 3, 'VADEMECUM B - MARCA');
-- TITULO - Beneficios Adicionales
INSERT INTO DETALLE_ANEXO (ID_DETALLE_ANEXO, ID_RAMO, ID_ANEXO, ID_TITULO, NOMBRE_DETALLE_ANEXO) VALUES (56, 3, 4, 4, 'AUDÍFONOS (UNA VEZ AL AÑO POR PERSONA)');
INSERT INTO DETALLE_ANEXO (ID_DETALLE_ANEXO, ID_RAMO, ID_ANEXO, ID_TITULO, NOMBRE_DETALLE_ANEXO) VALUES (57, 3, 4, 4, 'CRISTALES OPTICOS (UNA VEZ AL AÑO POR PERSONA)');
INSERT INTO DETALLE_ANEXO (ID_DETALLE_ANEXO, ID_RAMO, ID_ANEXO, ID_TITULO, NOMBRE_DETALLE_ANEXO) VALUES (58, 3, 4, 4, 'PRÓTESIS NO DENTAL (UNA VEZ AL AÑO POR PERSONA)');
INSERT INTO DETALLE_ANEXO (ID_DETALLE_ANEXO, ID_RAMO, ID_ANEXO, ID_TITULO, NOMBRE_DETALLE_ANEXO) VALUES (59, 3, 4, 4, 'SEPELIO DE DEPENDIENTES');
-- TITULO - Maternidad 
INSERT INTO DETALLE_ANEXO (ID_DETALLE_ANEXO, ID_RAMO, ID_ANEXO, ID_TITULO, NOMBRE_DETALLE_ANEXO) VALUES (60, 3, 4, 5, 'ABORTO NO PROVOCADO');
INSERT INTO DETALLE_ANEXO (ID_DETALLE_ANEXO, ID_RAMO, ID_ANEXO, ID_TITULO, NOMBRE_DETALLE_ANEXO) VALUES (61, 3, 4, 5, 'CESÁREA O COMPLICACIONES');
INSERT INTO DETALLE_ANEXO (ID_DETALLE_ANEXO, ID_RAMO, ID_ANEXO, ID_TITULO, NOMBRE_DETALLE_ANEXO) VALUES (62, 3, 4, 5, 'PARTO NORMAL');
-- ****** RAMO - Buen Uso Anticipo ******
INSERT INTO DETALLE_ANEXO (ID_DETALLE_ANEXO, ID_RAMO, ID_ANEXO, NOMBRE_DETALLE_ANEXO) VALUES (63, 4, 2, 'LA PRESENTE PÓLIZA CUBRE LA DEVOLUCIÓN DE LOS SALDOS DEUDORES DEL ANTICIPO EN CASOS DE RESOLUCIÓN, TERMINACIÓN Y/O RESILIACIÓN DEL CONTRATO POR LAS CAUSAS SEÑALADAS EN EL MISMO Y DE ACUERDO CON LA LEGISLACIÓN ECUATORIANA.');
-- ****** RAMO - Buena Calidad de Materiales ******
INSERT INTO DETALLE_ANEXO (ID_DETALLE_ANEXO, ID_RAMO, ID_ANEXO, NOMBRE_DETALLE_ANEXO) VALUES (64, 5, 2, 'LA COMPAÑÍA SE OBLIGA A RESPONDER, HASTA POR EL VALOR DE LA SUMA ASEGURADA, POR LAS REPARACIONES O CAMBIOS DE AQUELLAS PARTES DE LA OBRA EN QUE SE DESCUBRAN DEFECTOS DE CONSTRUCCIÓN, MALA CALIDAD DE LOS MATERIALES O INCUMPLIMIENTO DE LAS ESPECIFICACIONES TÉCNICAS QUE AL RESPECTO CONSTEN EN DICHO CONTRATO IMPUTABLES AL CONTRATISTA AFIANZADO.');
-- ****** RAMO - Casco Aereo ******
-- ****** RAMO - Casco Maritimo ******
-- ****** RAMO - Cumplimiento Contrato ******
INSERT INTO DETALLE_ANEXO (ID_DETALLE_ANEXO, ID_RAMO, ID_ANEXO, NOMBRE_DETALLE_ANEXO) VALUES (67, 8, 2, 'LA PRESENTE PÓLIZA CUBRE AL ASEGURADO LAS PÉRDIDAS QUE LE PRODUZCAN EL INCUMPLIMIENTO DE LAS OBLIGACIONES AFIANZADAS POR EL CONTRATO A QUE SE REFIERE ESTE SEGURO, EN LOS TÉRMINOS Y CONDICIONES FIJADOS EN EL MISMO Y SIEMPRE QUE ESE INCUMPLIMIENTO SEA IMPUTABLE AL CONTRATISTA, O BIEN PROVENGA DE CAUSAS QUE AFECTEN DIRECTAMENTE COMPROBADAS. ESTE SEGURO TAMBIÉN AMPARA LAS OBLIGACIONES QUE EL CONTRATISTA CONTRAJERE A FAVOR DE TERCEROS PROVENIENTES DEL CONTRATO PRINCIPAL AL QUE ACCEDE ESTA GARANTÍA. LA RESPONSABILIDAD DE LA COMPAÑÍA NO PODRÁ EXCEDER DE LA SUMA ASEGURADA, INCLUYÉNDOSE LAS CANTIDADES QUE CORRESPONDAN PAGAR AL CONTRATISTA POR CONCEPTO DE MULTAS O INDEMNIZACIONES.');
-- ****** RAMO - Dinero y Valores ******
-- CLAUSULAS ADICIONALES
INSERT INTO DETALLE_ANEXO (ID_DETALLE_ANEXO, ID_RAMO, ID_ANEXO, NOMBRE_DETALLE_ANEXO) VALUES (68, 9, 1, 'ADHESION.');
INSERT INTO DETALLE_ANEXO (ID_DETALLE_ANEXO, ID_RAMO, ID_ANEXO, NOMBRE_DETALLE_ANEXO) VALUES (69, 9, 1, 'AJUSTADORES DE MUTUO ACUERDO.');
INSERT INTO DETALLE_ANEXO (ID_DETALLE_ANEXO, ID_RAMO, ID_ANEXO, NOMBRE_DETALLE_ANEXO) VALUES (70, 9, 1, 'CANCELACION DE LA POLIZA.');
INSERT INTO DETALLE_ANEXO (ID_DETALLE_ANEXO, ID_RAMO, ID_ANEXO, NOMBRE_DETALLE_ANEXO) VALUES (71, 9, 1, 'NO CANCELACION INDIVIDUAL.');
INSERT INTO DETALLE_ANEXO (ID_DETALLE_ANEXO, ID_RAMO, ID_ANEXO, NOMBRE_DETALLE_ANEXO) VALUES (72, 9, 1, 'NOTIFICACION DEL SINIESTRO.');
INSERT INTO DETALLE_ANEXO (ID_DETALLE_ANEXO, ID_RAMO, ID_ANEXO, NOMBRE_DETALLE_ANEXO) VALUES (73, 9, 1, 'PAGO DE PRIMAS.');
INSERT INTO DETALLE_ANEXO (ID_DETALLE_ANEXO, ID_RAMO, ID_ANEXO, NOMBRE_DETALLE_ANEXO) VALUES (74, 9, 1, 'PRIMERA OPCION DE COMPRA.');
INSERT INTO DETALLE_ANEXO (ID_DETALLE_ANEXO, ID_RAMO, ID_ANEXO, NOMBRE_DETALLE_ANEXO) VALUES (75, 9, 1, 'SALVAMENTO.');
-- COBERTURAS
INSERT INTO DETALLE_ANEXO (ID_DETALLE_ANEXO, ID_RAMO, ID_ANEXO, NOMBRE_DETALLE_ANEXO) VALUES (76, 9, 2, 'DINERO EN PERMANENCIA.');
INSERT INTO DETALLE_ANEXO (ID_DETALLE_ANEXO, ID_RAMO, ID_ANEXO, NOMBRE_DETALLE_ANEXO) VALUES (77, 9, 2, 'TRANSPORTE DE DINERO.');
-- ****** RAMO - Equipo Electronico ******
-- CLAUSULAS ADICIONALES
INSERT INTO DETALLE_ANEXO (ID_DETALLE_ANEXO, ID_RAMO, ID_ANEXO, NOMBRE_DETALLE_ANEXO) VALUES (78, 10, 1, 'ADHESIÓN.');
INSERT INTO DETALLE_ANEXO (ID_DETALLE_ANEXO, ID_RAMO, ID_ANEXO, NOMBRE_DETALLE_ANEXO) VALUES (79, 10, 1, 'AMPARO AUTOMATICO DE NUESVOS EQUIPOS.');
INSERT INTO DETALLE_ANEXO (ID_DETALLE_ANEXO, ID_RAMO, ID_ANEXO, NOMBRE_DETALLE_ANEXO) VALUES (80, 10, 1, 'AMPARO AUTOMÁTICO PARA OBSOLESCENCIA.');
INSERT INTO DETALLE_ANEXO (ID_DETALLE_ANEXO, ID_RAMO, ID_ANEXO, NOMBRE_DETALLE_ANEXO) VALUES (81, 10, 1, 'BIENES EN EXPOSICIÓN O DEMOSTRACIÓN.');
INSERT INTO DETALLE_ANEXO (ID_DETALLE_ANEXO, ID_RAMO, ID_ANEXO, NOMBRE_DETALLE_ANEXO) VALUES (82, 10, 1, 'CANCELACION DE LA POLIZA.');
INSERT INTO DETALLE_ANEXO (ID_DETALLE_ANEXO, ID_RAMO, ID_ANEXO, NOMBRE_DETALLE_ANEXO) VALUES (83, 10, 1, 'COBERTURA AUTOMÁTICA PARA EQUIPOS, MAQUINAS Y SUS PARTES EN SUSTITUCIÓN DE OTRAS SINIESTRADAS.');
INSERT INTO DETALLE_ANEXO (ID_DETALLE_ANEXO, ID_RAMO, ID_ANEXO, NOMBRE_DETALLE_ANEXO) VALUES (84, 10, 1, 'COBERTURA PARA UPS, REGULADORES Y ESTABILIZADORES DE VOLTAJE.');
INSERT INTO DETALLE_ANEXO (ID_DETALLE_ANEXO, ID_RAMO, ID_ANEXO, NOMBRE_DETALLE_ANEXO) VALUES (85, 10, 1, 'EQUIPO MOVILES Y PORTATILES.');
INSERT INTO DETALLE_ANEXO (ID_DETALLE_ANEXO, ID_RAMO, ID_ANEXO, NOMBRE_DETALLE_ANEXO) VALUES (86, 10, 1, 'HONORARIOS, GASTOS DE VIAJE Y ESTADÍA DE TÉCNICOS Y PROFESIONALES.');
INSERT INTO DETALLE_ANEXO (ID_DETALLE_ANEXO, ID_RAMO, ID_ANEXO, NOMBRE_DETALLE_ANEXO) VALUES (87, 10, 1, 'INTERÉS ASEGURABLE DIVERSO.');
INSERT INTO DETALLE_ANEXO (ID_DETALLE_ANEXO, ID_RAMO, ID_ANEXO, NOMBRE_DETALLE_ANEXO) VALUES (88, 10, 1, 'INTERES ASEGURADO EN PROPIEDAD DE TERCEROS.');
INSERT INTO DETALLE_ANEXO (ID_DETALLE_ANEXO, ID_RAMO, ID_ANEXO, NOMBRE_DETALLE_ANEXO) VALUES (89, 10, 1, 'LIBRE CIRCULACIÓN.');
INSERT INTO DETALLE_ANEXO (ID_DETALLE_ANEXO, ID_RAMO, ID_ANEXO, NOMBRE_DETALLE_ANEXO) VALUES (90, 10, 1, 'NO CANCELACION INDIVIDUAL DE LA PÓLIZA.');
INSERT INTO DETALLE_ANEXO (ID_DETALLE_ANEXO, ID_RAMO, ID_ANEXO, NOMBRE_DETALLE_ANEXO) VALUES (91, 10, 1, 'NOTIFICACION DEL SINIESTRO.');
INSERT INTO DETALLE_ANEXO (ID_DETALLE_ANEXO, ID_RAMO, ID_ANEXO, NOMBRE_DETALLE_ANEXO) VALUES (92, 10, 1, 'PAGO DE PRIMAS.');
INSERT INTO DETALLE_ANEXO (ID_DETALLE_ANEXO, ID_RAMO, ID_ANEXO, NOMBRE_DETALLE_ANEXO) VALUES (93, 10, 1, 'REPARACIONES INMEDIATAS.');
INSERT INTO DETALLE_ANEXO (ID_DETALLE_ANEXO, ID_RAMO, ID_ANEXO, NOMBRE_DETALLE_ANEXO) VALUES (94, 10, 1, 'RESTITUCION AUTOMATICA DE SUMA ASEGURADA.');
INSERT INTO DETALLE_ANEXO (ID_DETALLE_ANEXO, ID_RAMO, ID_ANEXO, NOMBRE_DETALLE_ANEXO) VALUES (95, 10, 1, 'SALVAMENTO.');
INSERT INTO DETALLE_ANEXO (ID_DETALLE_ANEXO, ID_RAMO, ID_ANEXO, NOMBRE_DETALLE_ANEXO) VALUES (96, 10, 1, 'TRASLADO TEMPORAL, EXCLUYE TRANSPORTE Y HURTO.');
-- COBERTURAS
--TITULO - Todo Riesgo
INSERT INTO DETALLE_ANEXO (ID_DETALLE_ANEXO, ID_RAMO, ID_ANEXO, ID_TITULO, NOMBRE_DETALLE_ANEXO) VALUES (97, 10, 2, 6, 'TODO RIESGO DE PERDIDA O DAÑO FISICO, SUBITO E IMPREVISTO POR CUALQUIER CAUSA QUE EN ESTE EXPRESAMENTE EXCLUIDA EN LAS CONDICIONES GENERALES DE LA POLIZA DE EQUIPO ELECTRONICO, INCLUYENDO INCENDIO Y/O RAYO, MOTIN Y HUELGA, CONMOCION CIVIL, EVENTOS DE LA NATURALEZ, SUSPENSION DE ENERGIA ELECTRICA PROVENIENTE DE LA RED PUBLICA.');
-- COBERTURAS ADICINALES
INSERT INTO DETALLE_ANEXO (ID_DETALLE_ANEXO, ID_RAMO, ID_ANEXO, NOMBRE_DETALLE_ANEXO) VALUES (98, 10, 6, 'HURTO.');
INSERT INTO DETALLE_ANEXO (ID_DETALLE_ANEXO, ID_RAMO, ID_ANEXO, NOMBRE_DETALLE_ANEXO) VALUES (99, 10, 6, 'SECCION II: PORTADORES EXTERNOS DE DATOS.');
INSERT INTO DETALLE_ANEXO (ID_DETALLE_ANEXO, ID_RAMO, ID_ANEXO, NOMBRE_DETALLE_ANEXO) VALUES (100, 10, 6, 'SECCION III: INCREMENTO EN EL COSTO DE OPERACIÓN.');
-- GARANTIAS DE LA POLIZA
INSERT INTO DETALLE_ANEXO (ID_DETALLE_ANEXO, ID_RAMO, ID_ANEXO, NOMBRE_DETALLE_ANEXO) VALUES (101, 10, 5, 'CONEXIÓN A TIERRA.');
INSERT INTO DETALLE_ANEXO (ID_DETALLE_ANEXO, ID_RAMO, ID_ANEXO, NOMBRE_DETALLE_ANEXO) VALUES (102, 10, 5, 'CONTRATO DE MANTENIMIENTO.');
INSERT INTO DETALLE_ANEXO (ID_DETALLE_ANEXO, ID_RAMO, ID_ANEXO, NOMBRE_DETALLE_ANEXO) VALUES (103, 10, 5, 'UPS.');      
-- ****** RAMO - Equipo Maquinaria ******
-- COBERTURAS
--TITULO - Todo Riesgo
INSERT INTO DETALLE_ANEXO (ID_DETALLE_ANEXO, ID_RAMO, ID_ANEXO, ID_TITULO, NOMBRE_DETALLE_ANEXO) VALUES (104, 11, 2, 6, 'CUBRE LAS PÉRDIDAS O DAÑOS DIRECTOS POR CUALQUIER CAUSA EXTERNA, COMO: a. INCENDIO, RAYO, EXPLOSIÓN (EXCEPTO LO ANOTADO EN ARTÍCULO 2, SECCIÓN I, LITERAL I), INUNDACIÓN, MAREMOTO, CICLÓN, HURACÁN, TEMPESTAD, VIENTO, TERREMOTO, TEMBLOR, ERUPCIÓN VOLCÁNICA Y EN GENERAL, CUALQUIER EVENTO O FENÓMENO DE LA NATURALEZA. b. COLISIÓN CON OBJETOS EN MOVIMIENTO O FIJOS, VOLCAMIENTO, HUNDIMIENTOS DEL TERRENO, DESLIZAMIENTO DE TIERRA, DESCARRILAMIENTO. c. ACCIDENTES QUE OCURRAN PESE A UN MANEJO CORRECTO, ASÍ COMO LOS QUE SOBREVENGAN A CONSECUENCIA DE DESCUIDO, IMPERICIA O NEGLIGENCIA DEL ASEGURADO O SU REPRESENTANTE. d. ACCIDENTES QUE OCURRAN DURANTE EL MONTAJE, DESMONTAJE Y TRASLADO DENTRO DE LAS INSTALACIONES DE LA OBRA O, MIENTRAS VIAJEN POR SUS PROPIOS MEDIOS DE UN SITIO DE OPERACIONES A OTRO, DENTRO DEL PERÍMETRO DE LA OBRA.  e. ROBO TOTAL, ROBO PARCIAL, ASALTO, ATRACO, ASÍ COMO LOS DAÑOS CAUSADOS POR TENTATIVAS DE ROBO. f. CUALQUIER OTRO RIESGO NO EXCLUIDO EN ESTA PÓLIZA.');
-- COBERTURAS ADICINALES
INSERT INTO DETALLE_ANEXO (ID_DETALLE_ANEXO, ID_RAMO, ID_ANEXO, NOMBRE_DETALLE_ANEXO) VALUES (105, 11, 6, 'ROTURA DE VIDRIO, HASTA.');
INSERT INTO DETALLE_ANEXO (ID_DETALLE_ANEXO, ID_RAMO, ID_ANEXO, NOMBRE_DETALLE_ANEXO) VALUES (106, 11, 6, 'FLETE AÉREO LÍMITE .');
INSERT INTO DETALLE_ANEXO (ID_DETALLE_ANEXO, ID_RAMO, ID_ANEXO, NOMBRE_DETALLE_ANEXO) VALUES (107, 11, 6, 'GASTOS EXTRAORDINARIOS POR TIEMPO EXTRA, TRABAJO NOCTURNO, TRABAJO EN DÍAS FESTIVOS, FLETE EXPRESO LÍMITE.');
-- ****** RAMO - Fidelidad ******
-- COBERTURAS
INSERT INTO DETALLE_ANEXO (ID_DETALLE_ANEXO, ID_RAMO, ID_ANEXO, NOMBRE_DETALLE_ANEXO) VALUES (108, 12, 2, 'ESTE SEGURO AMPARA CUALESQUIERA ACTOS FRAUDULENTOS O IMPROBOS, TALES COMO DESFALCO, FALSIFICACIÓN, ROBO, RATERÍA, HURTO, MALVERSACIÓN, SUSTRACCIÓN FRAUDULENTA, MAL USO PREMEDITADO, FALTA DE INTEGRIDAD O DE FIDELIDAD O CUALESQUIERA OTROS ACTOS SEMEJANTES A LOS MENCIONADOS QUE SEAN PUNIBLES SEGÚN LA LEY, QUE PRODUZCAN PERJUICIOS ECONÓMICOS COMPROBABLES, COMETIDOS POR EL SERVIDOR PÚBLICO DE LA ENTIDAD ASEGURADA, ACTUANDO SOLO EN COMPLICIDAD CON OTROS.');
-- CLAUSULAS ADICIONALES
INSERT INTO DETALLE_ANEXO (ID_DETALLE_ANEXO, ID_RAMO, ID_ANEXO, NOMBRE_DETALLE_ANEXO) VALUES (109, 12, 1, 'AMPARO AUTOMÁTICO DE NUEVOS EMPLEADOS.');
INSERT INTO DETALLE_ANEXO (ID_DETALLE_ANEXO, ID_RAMO, ID_ANEXO, NOMBRE_DETALLE_ANEXO) VALUES (110, 12, 1, 'CANCELACIÓN DE PÓLIZA.');
INSERT INTO DETALLE_ANEXO (ID_DETALLE_ANEXO, ID_RAMO, ID_ANEXO, NOMBRE_DETALLE_ANEXO) VALUES (111, 12, 1, 'NO CANCELACIÓN INDIVIDUAL DE PÓLIZA.');
INSERT INTO DETALLE_ANEXO (ID_DETALLE_ANEXO, ID_RAMO, ID_ANEXO, NOMBRE_DETALLE_ANEXO) VALUES (112, 12, 1, 'NOTIFICACIÓN DE SINIESTROS.');
INSERT INTO DETALLE_ANEXO (ID_DETALLE_ANEXO, ID_RAMO, ID_ANEXO, NOMBRE_DETALLE_ANEXO) VALUES (113, 12, 1, 'PAGO DE PRIMAS.');
INSERT INTO DETALLE_ANEXO (ID_DETALLE_ANEXO, ID_RAMO, ID_ANEXO, NOMBRE_DETALLE_ANEXO) VALUES (114, 12, 1, 'PERÍODO DE DESCUBRIMIENTO POSTERIORES A LA TERMINACIÓN DE VIGENCIA DE LA PÓLIZA.');
-- ****** RAMO - Garantia Aduanera ******
-- COBERTURAS
INSERT INTO DETALLE_ANEXO (ID_DETALLE_ANEXO, ID_RAMO, ID_ANEXO, NOMBRE_DETALLE_ANEXO) VALUES (115, 13, 2, 'ESTA PÓLIZA OBLIGA A LA COMPAÑÍA, AL INDEMNIZAR A LA ENTIDAD ASEGURADA, HASTA POR EL VALOR DE LA SUMA ASEGURADA, POR LOS PERJUICIOS ECONÓMICOS QUE TOTAL O PARCIALMENTE EL GARANTIZADO, POR LA FALTA DE PAGO DE DERECHO ARANCELARIOS, TASA, MULTAS, INTERESES Y MÁS CARGOS QUE ADEUDARE COMO CONSECUENCIA DE LAS OPERACIONES DE IMPORTACIÓN, EXPORTACIÓN Y/O TRÁMITE DE BIENES DE LEGÍTIMO COMERCIO.');
-- ****** RAMO - Incendio Lineas Alieadas ******
-- CLAUSULAS ADICIONALES
INSERT INTO DETALLE_ANEXO (ID_DETALLE_ANEXO, ID_RAMO, ID_ANEXO, NOMBRE_DETALLE_ANEXO) VALUES (116, 14, 1, 'ADHESIÓN.');
INSERT INTO DETALLE_ANEXO (ID_DETALLE_ANEXO, ID_RAMO, ID_ANEXO, NOMBRE_DETALLE_ANEXO) VALUES (117, 14, 1, 'AJUSTADORES Y PERITOS DE MUTUO ACUERDO.');
INSERT INTO DETALLE_ANEXO (ID_DETALLE_ANEXO, ID_RAMO, ID_ANEXO, NOMBRE_DETALLE_ANEXO) VALUES (118, 14, 1, 'ALTERACIONES Y REPARACIONES, PREVIA AUTORIZACIÓN DE LA COMPAÑÍA DE SEGUROS.');
INSERT INTO DETALLE_ANEXO (ID_DETALLE_ANEXO, ID_RAMO, ID_ANEXO, NOMBRE_DETALLE_ANEXO) VALUES (119, 14, 1, 'AMPARO AUTOMATICO DE NUEVAS PROPIEDAD.');
INSERT INTO DETALLE_ANEXO (ID_DETALLE_ANEXO, ID_RAMO, ID_ANEXO, NOMBRE_DETALLE_ANEXO) VALUES (120, 14, 1, 'AMPARO AUTOMATICO DE NUEVOS PREDIOS.');
INSERT INTO DETALLE_ANEXO (ID_DETALLE_ANEXO, ID_RAMO, ID_ANEXO, NOMBRE_DETALLE_ANEXO) VALUES (121, 14, 1, 'AMPARO DE BIENES PROPIOS Y/O DE TERCEROS BAJO SU RESPONSABILIDAD HASTA.');
INSERT INTO DETALLE_ANEXO (ID_DETALLE_ANEXO, ID_RAMO, ID_ANEXO, NOMBRE_DETALLE_ANEXO) VALUES (122, 14, 1, 'AVISO DE SINIESTRO.');
INSERT INTO DETALLE_ANEXO (ID_DETALLE_ANEXO, ID_RAMO, ID_ANEXO, NOMBRE_DETALLE_ANEXO) VALUES (123, 14, 1, 'BIENES A LA INTERPERIE.');
INSERT INTO DETALLE_ANEXO (ID_DETALLE_ANEXO, ID_RAMO, ID_ANEXO, NOMBRE_DETALLE_ANEXO) VALUES (124, 14, 1, 'BIENES EN EXPOSICIÓN O DEMOSTRACIÓN.');
INSERT INTO DETALLE_ANEXO (ID_DETALLE_ANEXO, ID_RAMO, ID_ANEXO, NOMBRE_DETALLE_ANEXO) VALUES (125, 14, 1, 'BILLARES (Para pólizas que aseguran estos bienes).');
INSERT INTO DETALLE_ANEXO (ID_DETALLE_ANEXO, ID_RAMO, ID_ANEXO, NOMBRE_DETALLE_ANEXO) VALUES (126, 14, 1, 'CANCELACIÓN DE LA POLIZA.');
INSERT INTO DETALLE_ANEXO (ID_DETALLE_ANEXO, ID_RAMO, ID_ANEXO, NOMBRE_DETALLE_ANEXO) VALUES (127, 14, 1, 'CLÁUSULA PARA HORNOS (Para pólizas que aseguran estos bienes).');
INSERT INTO DETALLE_ANEXO (ID_DETALLE_ANEXO, ID_RAMO, ID_ANEXO, NOMBRE_DETALLE_ANEXO) VALUES (128, 14, 1, 'COBERTURA AUTOMÁTICA PARA EQUIPOS, MAQUINAS Y SUS PARTES EN SUSTITUCIÓN DE OTRAS SINIESTRADAS.');
INSERT INTO DETALLE_ANEXO (ID_DETALLE_ANEXO, ID_RAMO, ID_ANEXO, NOMBRE_DETALLE_ANEXO) VALUES (129, 14, 1, 'COBERTURA DE PISCINAS Y CISTERNAS.');
INSERT INTO DETALLE_ANEXO (ID_DETALLE_ANEXO, ID_RAMO, ID_ANEXO, NOMBRE_DETALLE_ANEXO) VALUES (130, 14, 1, 'COMBUSTIBLES, LUBRICANTES Y EXPLOSIVOS.');
INSERT INTO DETALLE_ANEXO (ID_DETALLE_ANEXO, ID_RAMO, ID_ANEXO, NOMBRE_DETALLE_ANEXO) VALUES (131, 14, 1, 'CONTABILIDAD Y PRUEBA.');
INSERT INTO DETALLE_ANEXO (ID_DETALLE_ANEXO, ID_RAMO, ID_ANEXO, NOMBRE_DETALLE_ANEXO) VALUES (132, 14, 1, 'DESIGNACIÓN DE BIENES.');
INSERT INTO DETALLE_ANEXO (ID_DETALLE_ANEXO, ID_RAMO, ID_ANEXO, NOMBRE_DETALLE_ANEXO) VALUES (133, 14, 1, 'DESTRUCCIÓN PREVENTIVA.');
INSERT INTO DETALLE_ANEXO (ID_DETALLE_ANEXO, ID_RAMO, ID_ANEXO, NOMBRE_DETALLE_ANEXO) VALUES (134, 14, 1, 'EXTINTORES.');
INSERT INTO DETALLE_ANEXO (ID_DETALLE_ANEXO, ID_RAMO, ID_ANEXO, NOMBRE_DETALLE_ANEXO) VALUES (135, 14, 1, 'FLOTANTE DE INCENDIO (Cuando se asegura MercaderÌas).');
INSERT INTO DETALLE_ANEXO (ID_DETALLE_ANEXO, ID_RAMO, ID_ANEXO, NOMBRE_DETALLE_ANEXO) VALUES (136, 14, 1, 'INTERÉS ASEGURABLE DIVERSO.');
INSERT INTO DETALLE_ANEXO (ID_DETALLE_ANEXO, ID_RAMO, ID_ANEXO, NOMBRE_DETALLE_ANEXO) VALUES (137, 14, 1, 'INTERES ASEGURADO EN PROPIEDAD DE TERCEROS.');
INSERT INTO DETALLE_ANEXO (ID_DETALLE_ANEXO, ID_RAMO, ID_ANEXO, NOMBRE_DETALLE_ANEXO) VALUES (138, 14, 1, 'INTERES DE CONTRATISTAS Y SUBCONTRATISTAS.');
INSERT INTO DETALLE_ANEXO (ID_DETALLE_ANEXO, ID_RAMO, ID_ANEXO, NOMBRE_DETALLE_ANEXO) VALUES (139, 14, 1, 'LIBRE CIRCULACIÓN.');
INSERT INTO DETALLE_ANEXO (ID_DETALLE_ANEXO, ID_RAMO, ID_ANEXO, NOMBRE_DETALLE_ANEXO) VALUES (140, 14, 1, 'MATERIALES IMPORTADOS.');
INSERT INTO DETALLE_ANEXO (ID_DETALLE_ANEXO, ID_RAMO, ID_ANEXO, NOMBRE_DETALLE_ANEXO) VALUES (141, 14, 1, 'MERCADERÍAS EN PROPIEDAD DE TERCEROS.');
INSERT INTO DETALLE_ANEXO (ID_DETALLE_ANEXO, ID_RAMO, ID_ANEXO, NOMBRE_DETALLE_ANEXO) VALUES (142, 14, 1, 'NO CANCELACIÓN INDIVIDUAL.');
INSERT INTO DETALLE_ANEXO (ID_DETALLE_ANEXO, ID_RAMO, ID_ANEXO, NOMBRE_DETALLE_ANEXO) VALUES (143, 14, 1, 'PAGO DE PRIMAS.');
INSERT INTO DETALLE_ANEXO (ID_DETALLE_ANEXO, ID_RAMO, ID_ANEXO, NOMBRE_DETALLE_ANEXO) VALUES (144, 14, 1, 'PAR Y JUEGO.');
INSERT INTO DETALLE_ANEXO (ID_DETALLE_ANEXO, ID_RAMO, ID_ANEXO, NOMBRE_DETALLE_ANEXO) VALUES (145, 14, 1, 'PROPIEDAD HORIZONTAL (para edificios que tengan condóminos).');
INSERT INTO DETALLE_ANEXO (ID_DETALLE_ANEXO, ID_RAMO, ID_ANEXO, NOMBRE_DETALLE_ANEXO) VALUES (146, 14, 1, 'PROPIEDAD HORIZONTAL (para edificios que tengan condóminos).');
INSERT INTO DETALLE_ANEXO (ID_DETALLE_ANEXO, ID_RAMO, ID_ANEXO, NOMBRE_DETALLE_ANEXO) VALUES (147, 14, 1, 'PROPIEDAD PERSONAL.');
INSERT INTO DETALLE_ANEXO (ID_DETALLE_ANEXO, ID_RAMO, ID_ANEXO, NOMBRE_DETALLE_ANEXO) VALUES (148, 14, 1, 'PROPIEDADES DE EJECUTIVOS Y EMPLEADOS HASTA (EXCLUYE JOYAS, DINERO  Y VALORES).');
INSERT INTO DETALLE_ANEXO (ID_DETALLE_ANEXO, ID_RAMO, ID_ANEXO, NOMBRE_DETALLE_ANEXO) VALUES (149, 14, 1, 'PROTECCIONES PARTICULARES.');
INSERT INTO DETALLE_ANEXO (ID_DETALLE_ANEXO, ID_RAMO, ID_ANEXO, NOMBRE_DETALLE_ANEXO) VALUES (150, 14, 1, 'REPARACIONES INMEDIATAS, PREVIA AUTORIZACIÓN DE LA COMPAÑÍA DE SEGUROS.');
INSERT INTO DETALLE_ANEXO (ID_DETALLE_ANEXO, ID_RAMO, ID_ANEXO, NOMBRE_DETALLE_ANEXO) VALUES (151, 14, 1, 'REPOSICIÓN O REEMPLAZO.');
INSERT INTO DETALLE_ANEXO (ID_DETALLE_ANEXO, ID_RAMO, ID_ANEXO, NOMBRE_DETALLE_ANEXO) VALUES (152, 14, 1, 'RESTITUCIÓN AUTOMATICA DE SUMA ASEGURADA.');
INSERT INTO DETALLE_ANEXO (ID_DETALLE_ANEXO, ID_RAMO, ID_ANEXO, NOMBRE_DETALLE_ANEXO) VALUES (153, 14, 1, 'ROBO A CONSECUENCIA DE SINIESTRO.');
INSERT INTO DETALLE_ANEXO (ID_DETALLE_ANEXO, ID_RAMO, ID_ANEXO, NOMBRE_DETALLE_ANEXO) VALUES (154, 14, 1, 'SALVAMENTO.');
INSERT INTO DETALLE_ANEXO (ID_DETALLE_ANEXO, ID_RAMO, ID_ANEXO, NOMBRE_DETALLE_ANEXO) VALUES (155, 14, 1, 'TRASLADO TEMPORAL.'); 
-- COBERTURAS
--TITULO - Todo Riesgo
INSERT INTO DETALLE_ANEXO (ID_DETALLE_ANEXO, ID_RAMO, ID_ANEXO, ID_TITULO, NOMBRE_DETALLE_ANEXO) VALUES (156, 14, 2, 7, 'INCENDIO Y/O RAYO, TERREMOTO, TEMBLOR, ERUPCIÓN VOLCANICA, DAÑOS POR CENIZA, EXPLOSIÓN, DAÑOS POR AGUA, DAÑOS POR LLUVIA E INUNDACIÓN, GRANIZADA, MOTIN Y HUELGA, CONMOCIÓN CIVIL, DAÑO MALICIOSO Y VANDALISMO, COBERTURA EXTENDIDA AMPLIA, FENOMENOS DE LA NATURALEZA, CAIDA DE ARBOLES, DESLIZAMIENTOS, ALUD, DESPLAZAMIENTOS DE TIERRA, HUNDIMIENTO, AGRIETAMIENTO DE MURO, PISOS PAVIMENTOS O CIMIENTOS, PISCINAS Y CISTERNAS, COLAPSO.');
-- COBERTURAS ADICIONALES
INSERT INTO DETALLE_ANEXO (ID_DETALLE_ANEXO, ID_RAMO, ID_ANEXO, NOMBRE_DETALLE_ANEXO) VALUES (157, 14, 6, 'AUTOEXPLOSIÓN.');
INSERT INTO DETALLE_ANEXO (ID_DETALLE_ANEXO, ID_RAMO, ID_ANEXO, NOMBRE_DETALLE_ANEXO) VALUES (158, 14, 6, 'CLAUSULA ELECTRICA AMPLIA.');
INSERT INTO DETALLE_ANEXO (ID_DETALLE_ANEXO, ID_RAMO, ID_ANEXO, NOMBRE_DETALLE_ANEXO) VALUES (159, 14, 6, 'HONORARIOS DE CONTADORES, AUDITORES.');
INSERT INTO DETALLE_ANEXO (ID_DETALLE_ANEXO, ID_RAMO, ID_ANEXO, NOMBRE_DETALLE_ANEXO) VALUES (160, 14, 6, 'HONORARIOS DE INGENIEROS, ARQUITECTOS Y TOPOGRAFOS.');
INSERT INTO DETALLE_ANEXO (ID_DETALLE_ANEXO, ID_RAMO, ID_ANEXO, NOMBRE_DETALLE_ANEXO) VALUES (161, 14, 6, 'HONORARIOS DE PROFESIONALES.');
INSERT INTO DETALLE_ANEXO (ID_DETALLE_ANEXO, ID_RAMO, ID_ANEXO, NOMBRE_DETALLE_ANEXO) VALUES (162, 14, 6, 'IMPLOSIÓN.');
INSERT INTO DETALLE_ANEXO (ID_DETALLE_ANEXO, ID_RAMO, ID_ANEXO, NOMBRE_DETALLE_ANEXO) VALUES (163, 14, 6, 'REMOCIÓN DE ESCOMBROS.');
INSERT INTO DETALLE_ANEXO (ID_DETALLE_ANEXO, ID_RAMO, ID_ANEXO, NOMBRE_DETALLE_ANEXO) VALUES (164, 14, 6, 'ROTURA DE VIDRIOS Y CRISTALES.'); 
-- CONDICIONES ESPECIALES
--TITULO - Todo Riesgo
INSERT INTO DETALLE_ANEXO (ID_DETALLE_ANEXO, ID_RAMO, ID_ANEXO, ID_TITULO, NOMBRE_DETALLE_ANEXO) VALUES (165, 14, 3, 8, 'Se entenderá el dinero en efectivo de origen nacional y extranjero, cheques y cualquier documento valorado y negociable, de propiedad o bajo la responsabilidad del asegurado y que permanezcan en los predios asegurados o sean trasladados en el territorio nacional.');
--TITULO - Todo Riesgo
INSERT INTO DETALLE_ANEXO (ID_DETALLE_ANEXO, ID_RAMO, ID_ANEXO, ID_TITULO, NOMBRE_DETALLE_ANEXO) VALUES (166, 14, 3, 9, 'Se entenderá por edificios todas las construcciones fijas con todas sus adiciones y anexos; las situadas bajo suelo, aceras, patios con sus revestimientos y materiales, incluyen todas las obras civiles realizadas en los predios asegurados; los jardines y espacios verdes con todas sus adiciones y toda edificación, aunque no se haya mencionado específicamente, de acuerdo a la designación de bienes del asegurado. Incluye todas las instalaciones permanentes y equipos que constituyen parte integrante de las edificaciones en los predios asegurados.');
--TITULO - Todo Riesgo
INSERT INTO DETALLE_ANEXO (ID_DETALLE_ANEXO, ID_RAMO, ID_ANEXO, ID_TITULO, NOMBRE_DETALLE_ANEXO) VALUES (167, 14, 3, 10, 'Se entenderá toda la maquinaria, equipos, instalaciones, accesorios, conexiones y cualquier sistema propio de la maquinaria, tanques de almacenamiento y sus instalaciones y en general todo elemento perteneciente a maquinaria aunque no se haya determinado específicamente de propiedad del asegurado o por los que sea responsable ubicados en cualquier parte de los predios asegurados y de acuerdo a la designación de bienes del asegurado.');
--TITULO - Todo Riesgo
INSERT INTO DETALLE_ANEXO (ID_DETALLE_ANEXO, ID_RAMO, ID_ANEXO, ID_TITULO, NOMBRE_DETALLE_ANEXO) VALUES (168, 14, 3, 11, 'Se entenderá entre otros todas las materias primas, productos en proceso y terminados, materiales, repuestos, suministros, lubricantes y en general todo activo sujeto a variación de inventarios no considerados en los activos fijos y de acuerdo a la designación de bienes del asegurado, aunque no sean mencionados específicamente de propiedad del asegurado y por los que fuera responsable, ubicados en cualquier parte de los predios asegurados.');
--TITULO - Todo Riesgo
INSERT INTO DETALLE_ANEXO (ID_DETALLE_ANEXO, ID_RAMO, ID_ANEXO, ID_TITULO, NOMBRE_DETALLE_ANEXO) VALUES (169, 14, 3, 12, 'Muebles, enseres, equipos y bienes de oficina y de las diferentes dependencias; mejoras locativas; aunque no se haya determinado específicamente de propiedad del asegurado o por los que sea responsable ubicados en cualquier parte de los predios asegurados y de acuerdo a la designación de bienes del asegurado.');
-- ****** RAMO - Lucro Cesante Rotura Maquinaria ******
-- CLAUSULAS ADICIONALES
INSERT INTO DETALLE_ANEXO (ID_DETALLE_ANEXO, ID_RAMO, ID_ANEXO, NOMBRE_DETALLE_ANEXO) VALUES (170, 15, 1, 'ADHESIÓN.');
INSERT INTO DETALLE_ANEXO (ID_DETALLE_ANEXO, ID_RAMO, ID_ANEXO, NOMBRE_DETALLE_ANEXO) VALUES (171, 15, 1, 'AJUSTADORES DE MUTUO ACUERDO.');
INSERT INTO DETALLE_ANEXO (ID_DETALLE_ANEXO, ID_RAMO, ID_ANEXO, NOMBRE_DETALLE_ANEXO) VALUES (172, 15, 1, 'AMPARO AUTOMÁTICO PARA MAQUINARIAS Y EQUIPOS.');
INSERT INTO DETALLE_ANEXO (ID_DETALLE_ANEXO, ID_RAMO, ID_ANEXO, NOMBRE_DETALLE_ANEXO) VALUES (173, 15, 1, 'AVISO DE SINIESTRO.');
INSERT INTO DETALLE_ANEXO (ID_DETALLE_ANEXO, ID_RAMO, ID_ANEXO, NOMBRE_DETALLE_ANEXO) VALUES (174, 15, 1, 'CANCELACION A PRORRATA POR FUERZA MAYOR.');
INSERT INTO DETALLE_ANEXO (ID_DETALLE_ANEXO, ID_RAMO, ID_ANEXO, NOMBRE_DETALLE_ANEXO) VALUES (175, 15, 1, 'CANCELACION DE LA POLIZA.');
INSERT INTO DETALLE_ANEXO (ID_DETALLE_ANEXO, ID_RAMO, ID_ANEXO, NOMBRE_DETALLE_ANEXO) VALUES (176, 15, 1, 'CLAUSULA DE MANTENIMIENTO PREVENTIVO.');
INSERT INTO DETALLE_ANEXO (ID_DETALLE_ANEXO, ID_RAMO, ID_ANEXO, NOMBRE_DETALLE_ANEXO) VALUES (177, 15, 1, 'COBERTURA AUTOMÁTICA PARA EQUIPOS, MAQUINAS Y SUS PARTES EN SUSTITUCIÓN DE OTRAS SINIESTRADAS.');
INSERT INTO DETALLE_ANEXO (ID_DETALLE_ANEXO, ID_RAMO, ID_ANEXO, NOMBRE_DETALLE_ANEXO) VALUES (178, 15, 1, 'COBERTURA PARA ACEITES LUBRICANTES Y REFRIGERANTES.');
INSERT INTO DETALLE_ANEXO (ID_DETALLE_ANEXO, ID_RAMO, ID_ANEXO, NOMBRE_DETALLE_ANEXO) VALUES (179, 15, 1, 'COBERTURA PARA CADENAS, CORREAS Y BANDAS TRANSPORTADORAS.');
INSERT INTO DETALLE_ANEXO (ID_DETALLE_ANEXO, ID_RAMO, ID_ANEXO, NOMBRE_DETALLE_ANEXO) VALUES (180, 15, 1, 'COBERTURA PARA CIMENTACIONES.');
INSERT INTO DETALLE_ANEXO (ID_DETALLE_ANEXO, ID_RAMO, ID_ANEXO, NOMBRE_DETALLE_ANEXO) VALUES (181, 15, 1, 'DESIGNACION DE BIENES.');
INSERT INTO DETALLE_ANEXO (ID_DETALLE_ANEXO, ID_RAMO, ID_ANEXO, NOMBRE_DETALLE_ANEXO) VALUES (182, 15, 1, 'DESTRUCCION PREVENTIVA PREVIA AUTORIZACION DE LA COMPAÑÍA.');
INSERT INTO DETALLE_ANEXO (ID_DETALLE_ANEXO, ID_RAMO, ID_ANEXO, NOMBRE_DETALLE_ANEXO) VALUES (183, 15, 1, 'EXTENSION DE VIGENCIA 30 DÍAS.');
INSERT INTO DETALLE_ANEXO (ID_DETALLE_ANEXO, ID_RAMO, ID_ANEXO, NOMBRE_DETALLE_ANEXO) VALUES (184, 15, 1, 'GASTOS ADICIONALES, HORAS EXTRAS, TRABAJO NOCTURNO Y EN DÍAS FESTIVOS; FLETE EXPRESO Y/O AÉREO.');
INSERT INTO DETALLE_ANEXO (ID_DETALLE_ANEXO, ID_RAMO, ID_ANEXO, NOMBRE_DETALLE_ANEXO) VALUES (185, 15, 1, 'HONORARIOS, GASTOS DE VIAJE Y ESTADÍA DE TÉCNICOS Y PROFESIONALES.');
INSERT INTO DETALLE_ANEXO (ID_DETALLE_ANEXO, ID_RAMO, ID_ANEXO, NOMBRE_DETALLE_ANEXO) VALUES (186, 15, 1, 'INTERÉS ASEGURABLE DIVERSO.');
INSERT INTO DETALLE_ANEXO (ID_DETALLE_ANEXO, ID_RAMO, ID_ANEXO, NOMBRE_DETALLE_ANEXO) VALUES (187, 15, 1, 'INTERES ASEGURADO EN PROPIEDAD DE TERCEROS.');
INSERT INTO DETALLE_ANEXO (ID_DETALLE_ANEXO, ID_RAMO, ID_ANEXO, NOMBRE_DETALLE_ANEXO) VALUES (188, 15, 1, 'LIBRE CIRCULACIÓN.');
INSERT INTO DETALLE_ANEXO (ID_DETALLE_ANEXO, ID_RAMO, ID_ANEXO, NOMBRE_DETALLE_ANEXO) VALUES (189, 15, 1, 'MAQUINARIA Y EQUIPO BAJO TIERRA.');
INSERT INTO DETALLE_ANEXO (ID_DETALLE_ANEXO, ID_RAMO, ID_ANEXO, NOMBRE_DETALLE_ANEXO) VALUES (190, 15, 1, 'MATERIALES REFRACTARIOS DE HORNOS Y CALDERAS.');
INSERT INTO DETALLE_ANEXO (ID_DETALLE_ANEXO, ID_RAMO, ID_ANEXO, NOMBRE_DETALLE_ANEXO) VALUES (191, 15, 1, 'NO CANCELACION INDIVIDUAL DE LA POLIZA.');
INSERT INTO DETALLE_ANEXO (ID_DETALLE_ANEXO, ID_RAMO, ID_ANEXO, NOMBRE_DETALLE_ANEXO) VALUES (192, 15, 1, 'PAGO DE PRIMAS.');
INSERT INTO DETALLE_ANEXO (ID_DETALLE_ANEXO, ID_RAMO, ID_ANEXO, NOMBRE_DETALLE_ANEXO) VALUES (193, 15, 1, 'PAR Y JUEGO.');
INSERT INTO DETALLE_ANEXO (ID_DETALLE_ANEXO, ID_RAMO, ID_ANEXO, NOMBRE_DETALLE_ANEXO) VALUES (194, 15, 1, 'PÉRDIDA DE CONTENIDO.');
INSERT INTO DETALLE_ANEXO (ID_DETALLE_ANEXO, ID_RAMO, ID_ANEXO, NOMBRE_DETALLE_ANEXO) VALUES (195, 15, 1, 'PROTECCIONES PARTICULARES.');
INSERT INTO DETALLE_ANEXO (ID_DETALLE_ANEXO, ID_RAMO, ID_ANEXO, NOMBRE_DETALLE_ANEXO) VALUES (196, 15, 1, 'REPARACIONES INMEDIATAS  PREVIA AUTORIZACION DE LA COMPAÑÍA.');
INSERT INTO DETALLE_ANEXO (ID_DETALLE_ANEXO, ID_RAMO, ID_ANEXO, NOMBRE_DETALLE_ANEXO) VALUES (197, 15, 1, 'RESTITUCIÓN AUTOMATICA DE SUMA ASEGURADA.');
INSERT INTO DETALLE_ANEXO (ID_DETALLE_ANEXO, ID_RAMO, ID_ANEXO, NOMBRE_DETALLE_ANEXO) VALUES (198, 15, 1, 'SALVAMENTO.');
INSERT INTO DETALLE_ANEXO (ID_DETALLE_ANEXO, ID_RAMO, ID_ANEXO, NOMBRE_DETALLE_ANEXO) VALUES (199, 15, 1, 'TRASLADO TEMPORAL UNICAMENTE PARA REPARACIONES, SE EXCLUYE TRANSPORTE Y HURTO.'); 
-- COBERTURAS
INSERT INTO DETALLE_ANEXO (ID_DETALLE_ANEXO, ID_RAMO, ID_ANEXO, NOMBRE_DETALLE_ANEXO) VALUES (200, 15, 2, 'CUBRE LA PERDIDA DE UTILIDAD QUE RESULTE DIRECTAMENTE DE LA INTERRUPCION NECESARIA DEL NEGOCIO, POR LOS DAÑOS OCASIONADOS POR CUALQUIER EVENTO AMPARADO EN LA POLIZA DE INCENDIO No.');
-- COBERTURAS ADICIONALES
INSERT INTO DETALLE_ANEXO (ID_DETALLE_ANEXO, ID_RAMO, ID_ANEXO, NOMBRE_DETALLE_ANEXO) VALUES (201, 15, 6, 'FLETE AEREO.');
INSERT INTO DETALLE_ANEXO (ID_DETALLE_ANEXO, ID_RAMO, ID_ANEXO, NOMBRE_DETALLE_ANEXO) VALUES (202, 15, 6, 'GASTOS EXTRAORDINARIOS.');

-- TABLA DE ROL
-- Roles
INSERT INTO ROL VALUES (1, 'DEPARTAMENTO COMERCIAL', 'A');
INSERT INTO ROL VALUES (2, 'DEPARTAMENTO VIDA  Y ASISTENCIA MEDICA', 'A');
INSERT INTO ROL VALUES (3, 'DEPARTAMENTO SERVICIO AL CLIENTE', 'A');
INSERT INTO ROL VALUES (4, 'DEPARTAMENTO DE COBRANZAS', 'A');
INSERT INTO ROL VALUES (5, 'DEPARTAMENTO ADMINISTRATIVO', 'A');
INSERT INTO ROL VALUES (6, 'GERENCIA', 'A');
INSERT INTO ROL VALUES (7, 'MENSAJERÍA', 'A');
INSERT INTO ROL VALUES (8, 'SISTEMAS', 'A');

-- TABLA PERSONA
-- Personas
INSERT INTO persona (id_persona, tipo_identificacion, identificacion, nombre, apellido_paterno, apellido_materno, fecha_nacimiento, email) VALUES (1, '1', '1716302912', 'Franklin Javier', 'Pozo', 'Betancourt', '1980-07-06', 'fpdany18@gmail.com');
INSERT INTO persona (id_persona, tipo_identificacion, identificacion, nombre, apellido_paterno, apellido_materno, fecha_nacimiento, email) VALUES (2, '1', '1718385279', 'Dario Fernando', 'Vinueza', 'Mier', '1983-12-03', 'dariovinueza@gmail.com');

-- TABLA USUARIO
-- Usuarios
INSERT INTO usuario (id_usuario, id_rol, id_persona, nombre_usuario, clave, estado, fecha_creacion, fecha_modificacion) VALUES (1, 8, 1, 'fpozo', 'fpozo', 'A', '2014-02-01', NULL);